drug,duration_hours_mean_mean,duration_hours_mean_std,duration_hours_mean_count,duration_hours_std_mean,duration_hours_std_std,duration_hours_std_count,duration_hours_cv_mean,duration_hours_cv_std,duration_hours_cv_count,n_points_mean_mean,n_points_mean_std,n_points_mean_count,n_points_std_mean,n_points_std_std,n_points_std_count,n_points_cv_mean,n_points_cv_std,n_points_cv_count,mean_o2_mean_mean,mean_o2_mean_std,mean_o2_mean_count,mean_o2_std_mean,mean_o2_std_std,mean_o2_std_count,mean_o2_cv_mean,mean_o2_cv_std,mean_o2_cv_count,std_o2_mean_mean,std_o2_mean_std,std_o2_mean_count,std_o2_std_mean,std_o2_std_std,std_o2_std_count,std_o2_cv_mean,std_o2_cv_std,std_o2_cv_count,min_o2_mean_mean,min_o2_mean_std,min_o2_mean_count,min_o2_std_mean,min_o2_std_std,min_o2_std_count,min_o2_cv_mean,min_o2_cv_std,min_o2_cv_count,max_o2_mean_mean,max_o2_mean_std,max_o2_mean_count,max_o2_std_mean,max_o2_std_std,max_o2_std_count,max_o2_cv_mean,max_o2_cv_std,max_o2_cv_count,range_o2_mean_mean,range_o2_mean_std,range_o2_mean_count,range_o2_std_mean,range_o2_std_std,range_o2_std_count,range_o2_cv_mean,range_o2_cv_std,range_o2_cv_count,consumption_rate_mean_mean,consumption_rate_mean_std,consumption_rate_mean_count,consumption_rate_std_mean,consumption_rate_std_std,consumption_rate_std_count,consumption_rate_cv_mean,consumption_rate_cv_std,consumption_rate_cv_count,consumption_r2_mean_mean,consumption_r2_mean_std,consumption_r2_mean_count,consumption_r2_std_mean,consumption_r2_std_std,consumption_r2_std_count,consumption_r2_cv_mean,consumption_r2_cv_std,consumption_r2_cv_count,baseline_o2_mean_mean,baseline_o2_mean_std,baseline_o2_mean_count,baseline_o2_std_mean,baseline_o2_std_std,baseline_o2_std_count,baseline_o2_cv_mean,baseline_o2_cv_std,baseline_o2_cv_count,time_to_min_mean_mean,time_to_min_mean_std,time_to_min_mean_count,time_to_min_std_mean,time_to_min_std_std,time_to_min_std_count,time_to_min_cv_mean,time_to_min_cv_std,time_to_min_cv_count,min_o2_fraction_mean_mean,min_o2_fraction_mean_std,min_o2_fraction_mean_count,min_o2_fraction_std_mean,min_o2_fraction_std_std,min_o2_fraction_std_count,min_o2_fraction_cv_mean,min_o2_fraction_cv_std,min_o2_fraction_cv_count,consumption_change_mean,consumption_change_std,consumption_change_count,consumption_ratio_mean,consumption_ratio_std,consumption_ratio_count,n_segments_mean,n_segments_std,n_segments_count,total_monitored_hours_mean,total_monitored_hours_std,total_monitored_hours_count,n_events_mean,n_events_std,n_events_count,cv_o2_mean_mean,cv_o2_mean_std,cv_o2_mean_count,cv_o2_std_mean,cv_o2_std_std,cv_o2_std_count,cv_o2_cv_mean,cv_o2_cv_std,cv_o2_cv_count,fourier_dim_0,fourier_dim_1,fourier_dim_2,fourier_dim_3,fourier_dim_4,fourier_dim_5,fourier_dim_6,fourier_dim_7,fourier_dim_8,fourier_dim_9,fourier_dim_10,fourier_dim_11,fourier_dim_12,fourier_dim_13,fourier_dim_14,fourier_dim_15,fourier_dim_16,fourier_dim_17,fourier_dim_18,fourier_dim_19,fourier_dim_20,fourier_dim_21,fourier_dim_22,fourier_dim_23,fourier_dim_24,fourier_dim_25,fourier_dim_26,fourier_dim_27,fourier_dim_28,fourier_dim_29,fourier_dim_30,dili_risk_numeric
Amifostine,58.28232638888889,0.7270977484167365,32,23.831560149979246,0.08718996972620026,32,0.40894872113340175,0.004366180264114307,32,54.81875,0.15724726550551016,32,25.288097280347653,1.0691757295201854,32,0.4613384711908549,0.020167811970171392,32,7.6450396,6.279361,32,6.052566811442375,3.4699568319768095,32,1.1113409688696265,0.9931048400610543,32,7.1298532,1.1748277,32,2.2437069565057755,0.9986031182265542,32,0.3117268,0.1203679,32,-0.24718753,4.8360114,32,6.239796757698059,4.537712142964981,32,5.330389002338052,21.81206257684584,32,34.314896,6.1468816,32,11.450752943754196,4.3485387106441316,32,0.3311613732948899,0.10464952895392511,32,34.562084,7.3403225,32,12.47273214161396,3.47986307468434,32,0.36079317,0.070774294,32,0.07345821916787262,0.09474110537937626,32,0.2883402333572757,0.14880817599370272,32,4.6564160475135,15.074810941834714,32,0.31641563759556846,0.08074981303978103,32,0.26698400305498543,0.05343054354661908,32,0.8723923958927957,0.17218227624548071,32,10.938762849297895,5.881266619903418,32,7.256878760310665,2.768792497780027,32,0.788133286060681,0.4966283760943971,32,40.34833333333333,8.84905852608561,32,19.677059927273092,2.9336804947684296,32,0.5258556479777908,0.19989174422901063,32,0.2844512347259187,0.1440803799835619,32,0.21476190579139984,0.09537045936290102,32,0.7802338184807969,0.15975473655776565,32,-0.04548990025297956,0.1475954531915647,32,0.9376186730549609,1.1058181533927844,32,5.96875,0.1767766952966369,32,347.74895833333335,6.6885808341731865,32,5.0,0.0,32,4.394615245051682,5.405912222003926,32,5.939970350358635,9.965196597726722,32,1.031052186153829,0.47007542843698885,32,-0.14220773959163033,-0.06504792259514412,0.7932853131258227,1.5198267703170025,1.3734487715276023,0.8028436541447422,0.47056163541152163,0.7690593143354477,0.410040845352223,-0.04171637770573957,0.42882104605947047,1.8487084806434435,1.8028869860795411,1.0823083374495162,1.1150431106802252,1.5575171304134443,1.0297244834523844,-0.7564103621266443,-0.6078774599288944,0.49247478033965625,0.093615168761975,0.2484893207455277,-0.42007713966625426,-0.4095181297600057,0.005730140323979861,-0.19597321438099358,0.0,0.0,0.0,0.0,0.0,1.0
Anastrozole,61.70104166666667,1.1708825325445429,32,27.863906978407034,0.1574416296199247,32,0.451710881871666,0.006519609240585161,32,60.36302083333333,5.411764919208022,32,27.601870352902914,0.7018980161684873,32,0.46235258233407084,0.0602476881978715,32,-3.6828716,1.3408127,32,1.25490896217525,0.584608935698581,32,0.0,0.0,32,5.213346,0.7831573,32,2.0682349745184183,0.6781136237045624,32,0.3995102,0.12684864,32,-8.721042,1.4436868,32,1.2322117984294891,0.5585182001833477,32,0.0,0.0,32,21.461666,5.7699685,32,13.170664280653,3.051112375638977,32,0.6304946495220065,0.138526055772739,32,30.182709,6.035258,32,13.301592528820038,3.154395579362648,32,0.44524556,0.095824175,32,-0.04377206010829397,0.0788056357460188,32,0.23924282576487663,0.0741427838128361,32,11.127164052056733,45.4831853833479,32,0.254083617086472,0.09793207026066222,32,0.1923463105574258,0.06402826292857278,32,0.8034325108351272,0.19179231949683498,32,-3.285542029169555,1.991103149083642,32,3.9855791022594445,1.0934540524995375,32,2.5657731774337122,13.380354574973278,32,33.374548611111116,8.81625374952285,32,17.633450803569527,5.32860939308831,32,0.5694098749366947,0.2488023261832106,32,0.44947702773787473,0.1523772905310974,32,0.20320792717832198,0.05597244186770628,32,0.4829596015035317,0.14676347416603905,32,0.2693802713427868,0.13966029036124153,32,-0.39113267313488564,0.718139302277604,32,4.90625,0.3901509219974803,32,302.78489583333334,24.543463517248146,32,4.0,0.0,32,9.366555213928223,4.759114539111397,6,4.730026404062907,7.586539592373693,6,0.34136130412419635,0.5315331236564236,6,-0.44415114937267736,-0.5337132393625807,-0.23887148435447042,-0.08739762187589797,0.8277300569070538,1.2364466215437144,0.6312674133592734,0.0477206896559969,0.6664764815182759,1.0000317840680941,1.9506577462694268,0.5583566667553839,-0.33851799101207886,1.0678943768980198,1.8566167656624442,0.9183458013384567,-0.4479522820410943,0.3353139301006704,1.3292719578310588,1.723494511220539,1.1942272716933755,0.8533759322999,-0.7454970483925567,-0.4881709253145695,0.8753632012581376,-0.2955892190222766,0.0,0.0,0.0,0.0,0.0,1.0
Arsenic trioxide,62.239999999999995,0.0,31,24.101004128459042,0.0,31,0.3872269300844962,0.0,31,58.94193548387097,3.188392927850266,31,21.0395828707497,0.17649658830765846,31,0.358270058506331,0.025247021583091812,31,3.5810728,3.676008,31,4.137756762966033,2.0359442275906376,31,2.2427851490436064,2.216580614131552,31,7.6754594,1.1652809,31,1.8959816463531987,0.51571544689067,31,0.25359142,0.083960906,31,-3.3529034,3.125011,31,3.879728997907331,2.347404096459295,31,1.0085145158152427,4.600159880171424,31,35.65161,5.2002177,31,10.34805783917827,2.0093638910044773,31,0.30015520463066714,0.10732103678835488,31,39.004517,5.424249,31,12.90105935065977,1.8091798618461326,31,0.33595252,0.06897517,31,0.02340741544777998,0.10046838725665543,31,0.4239133916598934,0.09546566624455279,31,8.416956223149736,6.003927250136067,31,0.30969838179817283,0.04779254396842964,31,0.3073732346496842,0.030522051807093217,31,1.0087317386654295,0.14280338542948837,31,0.44545748685286984,3.3744217068562383,31,9.470637959991295,2.4725924275149835,31,4.098953603861753,10.531154987612641,31,27.501505376344085,5.159194944283292,31,11.3995063385044,4.727985872759277,31,0.42015243954402937,0.16838161317323855,31,0.4916549096080929,0.08138469028768341,31,0.24091742674270242,0.04301863962978951,31,0.49877291159279485,0.0996777291211813,31,0.05398229323606735,0.10880759512515889,31,0.779732507769144,0.44858426929670586,31,5.0,0.0,31,311.2,0.0,31,5.0,0.0,31,4.174137865343401,3.987191583319542,31,4.094837236788965,5.112735537640921,31,0.7867045236691352,0.41886251040462685,31,-0.3863647328696191,-0.34548957571717315,0.10765111884474865,1.338011082466147,1.5494590749866284,0.40267904794012926,-0.02247965176116354,1.8809191352358954,1.8421452731509442,0.516462867839875,0.7629444382281448,2.504411443932619,1.585690209892663,0.08720244146090383,0.7622436396169673,1.5695248211308315,0.8757723186450823,-1.0453034401344528,0.07086926635007938,1.7937328572367177,0.6987033640172331,0.3941493392560605,-0.5713514299800859,-0.4539239751209036,0.7883998951647218,-0.26530751053940665,0.0,0.0,0.0,0.0,0.0,2.0
Avapritinib,90.36146953405019,5.672855359789668,31,6.741631706643208,5.271377474033585,31,0.0788220523078834,0.07409717028531224,31,78.73118279569891,13.357317138817711,31,9.81455101003258,8.61613692408561,31,0.1405077098483901,0.14167423530946704,31,10.074486,23.46685,31,3.262569091012401,2.5218902531513008,31,0.6971556510656111,2.4796732619773185,31,7.6364617,2.482781,31,3.3572539360292497,2.43900374135853,31,0.43814602,0.22465198,31,-0.45107523,18.753304,31,5.552362941926526,9.554654775359598,31,0.4158271916450993,1.332971053867044,31,36.770428,20.532389,31,10.825912883204799,7.1170687443833724,31,0.4425091819777604,0.37018997425336414,31,37.221508,8.909916,31,14.698647053011003,8.278444800729996,31,0.40961528,0.22287452,31,0.023658970099584536,0.1137895432944577,31,0.09199316211883288,0.10913109094586573,31,0.39681302431163745,0.4549753710703431,31,0.2063664177183291,0.14204960699404243,31,0.1441543127397129,0.09310074296107936,31,0.7323462847312537,0.3502260328835724,31,10.920319731128888,19.753388389862256,31,6.314892189421001,7.863406754267925,31,0.426435690692663,0.6576689881276175,31,49.51523297491039,17.77646644282504,31,20.202666744415076,9.91341866833799,31,0.4896966064108452,0.2782233204049591,31,0.45446717102781115,0.18429034584479506,31,0.21637499831256463,0.11071205914932666,31,0.4957581624287369,0.2762244972321724,31,0.05979928237736083,0.13227253027059627,30,1.2931702448941682,1.4182083915881118,30,2.903225806451613,0.39621868622242934,31,261.8666666666667,37.81517552517772,31,2.0,0.0,31,33.82496130703525,143.73336645300458,22,0.24287331917069174,0.4754240171550487,22,0.2894514392722737,0.37712416186124653,22,0.3567971858204472,0.2881968982903934,0.007379594638115096,1.0691378605088646,1.4392822075981624,-0.7894474529727071,1.1404027789531128,1.7526660693425118,-0.4491891660177542,0.0035460600990546076,1.8462559593754864,0.2357159342098689,-0.439619838438137,1.1514020716358424,0.3722667224347029,-0.7986925775972361,0.8743597629130975,0.8942027356914585,-1.0017794160931044,0.5338842968457889,0.2941539792147356,-0.14070767589790067,-0.20470038697712803,0.03237081762313375,0.5927324564545362,0.4287949602947729,0.0,0.0,0.0,0.0,0.0,1.0
Axitinib,78.88252873563218,1.176410890577849,29,11.344622561480215,2.9100854066870134,29,0.14409336161761774,0.03707620029442955,29,49.954597701149424,1.1024944349976908,29,15.034910245159796,1.2254610294055708,29,0.3011181003862843,0.02557446832222751,29,4.9523754,15.999921,29,7.162843740705786,10.893902417929338,29,0.44912895868564473,0.9990147966206081,29,3.8010962,0.9267523,29,1.8072274923324585,0.6911315319359699,29,0.50846285,0.22372904,29,1.6679311,13.940518,29,7.133369543942912,11.021543804164295,29,0.3838472119693098,0.7283922356721628,29,26.235432,15.149723,29,15.032275726055277,4.253753358231769,29,0.7425067697105736,0.39143173615286486,29,24.567501,4.3797646,29,13.919360834976722,3.967351867743861,29,0.5839471,0.18675914,29,-0.07169482754916684,0.05945319999339191,29,0.05846870816406455,0.040336450326203394,29,0.0,0.0,29,0.2563890479721339,0.22204720065377342,29,0.18572232982729484,0.1350215042419285,29,0.7743569477801773,0.2765862672358749,29,2.715498476533175,14.290583003666727,29,7.271114243145737,10.763377571237045,29,0.38343858602028214,0.7614681969802709,29,37.35804597701149,17.1903033879347,29,19.369688502775368,8.318344094773863,29,0.6603052464278246,0.42664948617943427,29,0.5326825742850944,0.21703568437611137,29,0.22001523807608742,0.09877678608415896,29,0.4659739241492169,0.2286337354791601,29,-0.01094634096836783,0.1009375091530579,29,3.756315836003603,12.78790486300056,29,4.655172413793103,0.8567322497625797,29,366.39137931034486,64.61704459963688,29,5.0,0.0,29,3.9372249364852907,8.128584017869189,10,5.338787806034088,14.204202831444546,10,0.9032367765903473,0.4241581180149722,10,-0.18161294038490022,-0.1495140240151735,-0.4321918217302053,-0.9175415303114013,-0.7564499355056774,-0.7926347067935023,-1.1675448533441568,-0.714078669990949,-0.33042027786607303,-0.8237213502589841,-1.0328765931912562,-0.6999740724354829,-0.3928298853106966,-0.49085407386280905,-0.812539045096367,-0.8347840710673423,-0.1409369699478797,0.16472882406907569,-0.7679947872935574,-0.8917039147495979,-0.41085757847327453,0.15858290561173075,0.14232210107962373,-0.0011243327911891754,-0.6030130023299306,-0.21792068576912596,0.0,0.0,0.0,0.0,0.0,2.0
Belzutifan,90.20537634408602,5.290108496921355,31,6.683946831370983,4.12112308351436,31,0.07707970494479206,0.05523376803076456,31,71.47311827956989,16.046869821349002,31,16.11781031957403,12.217976608582246,31,0.27085330259191487,0.24583390778923606,31,-2.551517,2.5337422,31,2.5970202645947857,1.071866385267383,31,0.7089386159373868,1.6664265480643121,31,6.331618,1.5574685,31,3.140203091406053,0.8753836181451288,31,0.5056689,0.12698232,31,-9.600806,1.863368,31,1.3195693733230713,0.7415903060895251,31,0.0,0.0,31,22.896774,6.3802047,31,15.944202684587047,4.772076223235864,31,0.7504389776337531,0.26985750328017344,31,32.49758,6.3962474,31,15.92602780557448,5.1182014873964174,31,0.50316197,0.15807502,31,0.023223970561479727,0.15213093825302532,31,0.11046004387624202,0.12953383222783335,31,0.5308787996174595,1.1838241920178778,31,0.1957595194544171,0.13278834307265205,31,0.13295133218156585,0.10371815828871747,31,0.7207433756155869,0.3465488194846927,31,-0.9253601776862542,4.981898905746086,31,3.7349134256023797,1.8731854179647174,31,0.8698488749478506,1.7215379636927948,31,52.320071684587816,16.112835567188853,31,20.963093716738726,10.313404798130161,31,0.4844193033289915,0.32290116456318935,31,0.41151128784147956,0.15738938982558717,31,0.24676875095734083,0.12164287174189903,31,0.5968266016609073,0.2411570080151071,31,0.020234882673206327,0.056399447567804725,31,0.12479483233003472,3.298199420045516,31,2.870967741935484,0.3407771005482389,31,259.03602150537637,34.261181764004995,31,2.0,0.0,31,13.830822245279949,28.50092908296534,15,0.48215033213297526,1.1827231688794588,15,0.10533513426780701,0.23010291206309771,15,-0.3267375511810671,-0.27563149585185404,-0.057567754285533915,0.2987746967958778,0.5494535532423999,-0.7821924207415341,0.4602193295037434,1.0299650766513142,-0.4743582371325359,-0.26378520366929376,1.1562998188768923,0.10535623609723153,-0.5693710555987892,0.6620411617958545,0.24916763977482906,-0.6545849761460187,0.6691359303814857,0.6608160083283989,-0.9056095658954774,0.3844090590890873,0.04195641878555762,0.16477655881441278,-0.1654407024479784,-0.2075897296725701,0.2521261742553246,-0.27646865683255245,0.0,0.0,0.0,0.0,0.0,1.0
Binimetinib,62.12956989247312,2.5160363805200343,31,26.78294868112528,0.7288311912320296,31,0.43206413745306643,0.02769080454959154,31,41.16182795698925,6.378832462467516,31,23.286864255536194,5.128895060862018,31,0.5598391377745839,0.05775895959895335,31,-0.7794528,2.880928,31,3.7805048419583227,2.3571149078256775,31,1.938650111998281,5.244660942821347,31,10.675332,1.320684,31,4.27667978502089,1.1253255830960682,31,0.40049595,0.09895803,31,-9.906559,2.7346826,31,3.249054260792271,3.0191319043422156,31,0.0,0.0,31,40.08296,5.635437,31,9.542711081043366,4.63908883473796,31,0.25564772034845046,0.1608862270564726,31,49.989517,5.7780595,31,9.316132830035302,4.249925315328279,31,0.1958368,0.11013154,31,-0.8511752930691688,0.21352938920096456,31,1.4897065902124813,0.4001351818593769,31,0.0,0.0,31,0.19503225588652776,0.06439179051111385,31,0.19034370447471438,0.02999646475013013,31,1.036042505663635,0.24236641544650958,31,-6.018810083519563,2.619295030184396,31,8.358168543314585,2.3230232869591623,31,0.5895841555540605,3.28266565018313,31,40.870259856630824,7.268144484927592,31,23.836909408575526,2.747105052025515,31,0.5983340398306377,0.11275894449626803,31,0.4043197573146693,0.09844867026572329,31,0.25646645894680864,0.06625259963100978,31,0.6535151990917726,0.18617149953208428,31,1.5718585158201634,0.5455157069088763,31,-0.28623515448651005,2.337427463138213,31,4.806451612903226,0.47744841527364174,31,299.73225806451615,38.590261181605335,31,5.0,0.0,31,3688860.5791936745,18809520.054197744,26,4.643884204901182,13.445210545637412,26,0.27696814044163776,0.3571565185913364,26,-0.4672876050390901,-0.4502915158758306,-0.35974111646565027,0.2828699904724889,1.3655374134213123,1.0287680640552856,-0.586289805870927,1.2813903357215268,1.9482762323182314,0.7818692373096655,-0.30499532237284227,0.9524719462573067,1.21444935528407,1.1015293978717344,-0.5291994905038053,0.32954972475513994,1.972976582614138,1.1415682120985802,-0.5961091057865008,0.6140358210415219,0.958346956675955,0.5421679565825929,-0.6719230241404713,-0.47784653750780376,0.9913142760493586,-0.2887364376861172,0.0,0.0,0.0,0.0,0.0,2.0
Bortezomib,62.65564516129032,1.5510307013593043,31,26.70154440359704,0.5404302404811353,31,0.426436381418249,0.014294248199149899,31,43.403225806451616,3.8160611342908495,31,25.47928518969127,3.3295485824845676,31,0.5850092492985989,0.04928540518189592,31,37.935127,16.167553,31,31.91674663943629,11.78148820483877,31,0.7262463262004237,0.29212205217342146,31,11.15305,1.5531733,31,6.222846131170949,1.385961091255721,31,0.56303275,0.12281429,31,23.438547,13.742534,31,31.16564013496522,11.861249615465281,31,1.1141753465898576,0.4733781992483697,31,68.631294,11.932087,31,20.292401467600175,6.08076593655961,31,0.2897754917221685,0.06680344251518613,31,45.19274,5.0609455,31,17.895197776056104,5.1510826382768915,31,0.4065668,0.13385513,31,-0.9779443374791066,0.22350763045386793,31,1.5296577142152843,0.36386983264706035,31,0.0,0.0,31,0.31422687308389863,0.07148898450394614,31,0.31859212180150287,0.06391542482694483,31,1.0296781204383438,0.15992451776541838,31,28.106217826015087,14.920109376728266,31,35.956691406883635,11.510669733855115,31,1.0691908237752525,0.456576613300713,31,29.59763440860215,8.0635496477139,31,25.530740579407283,3.7988974742167554,31,0.9090515953469851,0.21407736066245947,31,0.5465018031032922,0.12904451170538558,31,0.3143848798670032,0.05134540377175323,31,0.6047918066902548,0.1576241527691011,31,1.7985689047420534,0.5011225116410933,31,0.0780311434774817,0.1102545426854323,31,4.903225806451613,0.3005371535187643,31,307.6161290322581,24.64704305150611,31,5.0,0.0,31,5.479671493943395,10.121769197940491,29,8.462978384875019,18.0990367240005,29,1.414734228417791,0.32792096355559186,29,2.886477566103615,3.655282939353152,4.408120951615932,1.3152078464595927,-0.423956263147447,-0.21719092758153954,-0.28118751706012696,-0.528930461206245,-0.46576267944080474,-0.7809289320354807,-0.6842541668714921,-0.2411115260884865,-0.1623657764084559,-0.14102558958062164,-0.4892908371970615,-0.27200644108203975,0.32170985836621074,-0.058023208707925704,-0.45830468961496024,-0.1535918460367729,-1.2107254725613679,-1.844534038035301,1.7269521805083714,2.1528597354076258,-0.6464946553766385,2.874710130085408,0.0,0.0,0.0,0.0,0.0,1.5
Ceritinib,78.82556547619048,1.1825949933910542,28,11.351465577941367,2.985026364848784,28,0.14434324588142783,0.03826034304607184,28,49.371428571428574,2.013814722224897,28,15.248811507523076,1.363613568385424,28,0.3090531586606576,0.028283450818820367,28,7.497332,22.444847,28,8.470564007759094,13.85056285681794,28,0.3021603396960667,0.661827636032766,28,4.3491054,1.6544355,28,3.024546131491661,2.2891798606879656,28,0.6400799,0.24642085,28,3.0939288,19.357046,28,7.7594719640910625,13.572428078434772,28,0.3232758492231369,0.8247735075538623,28,28.958483,20.275822,28,18.686221246208465,5.352336346962233,28,0.7518275699445179,0.27307095441538315,28,25.864552,6.1798887,28,17.48361329947199,4.5266939118915275,28,0.6756571,0.1614987,28,-0.036750913961516536,0.0806823865972311,28,0.11032569203660143,0.11340244361855543,28,3.209172709272558,8.262708899514568,28,0.2301160290299665,0.09511655543496471,28,0.26124459739000994,0.11495060598751784,28,1.1045450805717139,0.2804983929321541,28,6.075004597148089,20.350817041183376,28,9.163124359402742,13.330485682335208,28,0.33182271769755195,0.7158029698479693,28,49.34562499999999,12.887551346676375,28,19.64556452469758,7.729929992056218,28,0.4649497908825487,0.31289999936330737,28,0.38398172963231614,0.1686386604356768,28,0.2062136032227371,0.0932423754455584,28,0.5835526250915722,0.22128394667582751,28,0.11406534196576823,0.1705007938074955,28,-1.2488133456119144,5.039226678402378,28,4.607142857142857,0.8317445171439015,28,362.4880952380953,63.09708256596554,28,5.0,0.0,28,8.021908244583756,21.91082839944708,8,0.2200357373803854,0.3537227048876865,8,0.7731700465083122,0.6805840648931888,8,0.09527063329173455,0.15601732056478243,0.0070858697053244,-0.29939050882547535,-0.30479081216086434,-0.3060027046376899,-1.0174471234236424,-0.591476540228773,0.003583194017714532,-0.5214140312939595,-0.8726377826763368,-0.631013613846542,-0.10001068024242916,-0.08110680985998264,-0.5413881220121836,-0.7537771753477857,0.13545749349837982,0.4601687303179024,-0.6794032754795383,-0.917940447988298,0.20096496706010866,0.45865501851511864,-0.38804260903561455,-0.14965946328899085,-0.42183944796864775,0.20832855407309317,0.0,0.0,0.0,0.0,0.0,2.0
Cladribine,62.228854166666665,1.9613504983377514,32,27.926509064766677,0.29181878788933796,32,0.44905437432516637,0.009458108816365588,32,60.919270833333336,3.8094113539169343,32,27.19720444655316,1.6675360573425735,32,0.4491512444566229,0.054605725201426494,32,10.973025,14.669285,32,13.809522073715925,11.423377457236048,32,0.7573000956326723,0.7081142421946267,32,5.0642138,1.1212858,32,2.176561765372753,0.7046146919720483,32,0.431801,0.11302541,32,4.588333,13.144533,32,13.643811652436852,11.266370645125228,32,3.2444774582982063,9.82309811154033,32,32.526352,11.448367,32,18.36951634287834,4.216872573065472,32,0.5930992290377617,0.12501966416563773,32,27.93802,5.775002,32,13.60277235507965,4.236443321241565,32,0.48690325,0.10282626,32,-0.1139690414096833,0.06090747473151171,32,0.17058565571646436,0.0830431271252367,32,0.0,0.0,32,0.22661819635280694,0.102032733244857,32,0.17834314983444685,0.09121355898628734,32,0.817177989386159,0.2565444281873179,32,8.751805703650227,12.78983515338558,32,14.311321218180458,10.879364985365465,32,0.913229888548696,0.8993461141312551,32,26.522986111111113,9.198810459996047,32,16.302411912748973,4.6384320278642415,32,0.6633482394424873,0.2385956713502535,32,0.548231677613265,0.14598251642968704,32,0.2153142924334887,0.05503131427538071,32,0.4247772144060727,0.17652018662687521,32,0.1738444399445916,0.16048478333707075,32,0.4168290605798101,0.6703464803025633,32,4.8125,0.4709290748598847,32,299.1380208333333,26.507765560768068,32,4.0,0.0,32,1.4706645206763194,2.6496297972286706,26,0.2959928349949993,0.7443202159094473,26,0.516287354609141,0.4958726121449547,26,0.32949223879892486,0.5076393859066944,0.1843372837294695,0.06981989879613677,0.5082655259802349,0.6983136391258935,-0.04038048866764104,-0.3522312036039575,0.43893196972633824,0.6485637792897752,1.240653675869871,0.11415601501931565,-0.23943157184662406,0.47852564473992165,0.7440275120982196,0.02966526575582248,-0.6321842538069479,0.05636966169369062,0.8331712407740375,0.9771941665421361,-0.07020222646417491,-0.249430089818033,0.4360500787237819,0.318970445475211,0.005730140323979814,0.09996649900863648,0.0,0.0,0.0,0.0,0.0,2.0
Cobimetinib,78.3255193236715,1.936179183593005,23,11.006907134818798,2.7726530692009197,23,0.14058477125864552,0.035126771871634,23,48.56521739130435,4.203743861201928,23,15.838515085074816,2.602153400464318,23,0.33342644442275177,0.0924216979460759,23,13.142175,24.457327,23,13.231087796066118,16.536365567575626,23,0.4385177752246027,0.5634957346453594,23,4.3435936,1.6451372,23,3.1075209262578385,2.655915065986902,23,0.66967094,0.36107495,23,8.353225,21.142876,23,13.629507927466994,17.42644700914746,23,0.532312608283499,0.7667426862995554,23,33.480106,21.823784,23,19.258145498192828,8.151344244538924,23,0.7991249224413997,0.5371624980555426,23,25.126884,7.338098,23,16.29965569662011,6.41490103028205,23,0.6656782,0.27408215,23,-0.08911536364589256,0.08380551032806546,23,0.1406549946344613,0.141183633287816,23,3.7967760049214423,18.008802552630495,23,0.20014863038456368,0.10430651428326118,23,0.22557252844570305,0.13178895739035826,23,1.0858635703362747,0.3769361928746426,23,10.615678536019741,22.325587430403328,23,13.927846321259153,16.76575320420198,23,0.5530339345568852,0.7393011761609345,23,41.80193236714975,12.918763455444203,23,21.894287209680794,7.04151620579416,23,0.5889566193454995,0.2911922260941377,23,0.4700608211727058,0.16027373517888577,23,0.26380111384159677,0.0871601152721704,23,0.6009538183878982,0.21598414274995048,23,0.029130137347921425,0.2539339819656562,23,3.087905906792683,13.969040799262844,23,4.434782608695652,0.9920633665850978,23,347.60144927536237,78.22661378242535,23,5.0,0.0,23,4.092855648758511,8.92106577547482,12,1.023589198788007,2.692811851592191,12,0.8423060278097788,0.5769680457443337,12,0.12075719924867749,0.27076936626409703,0.3691305389593777,-0.35170590788363243,-0.5539310320751384,-0.6563558691665725,-0.9871957420170236,-0.5957139372999134,-0.31576683156473623,-0.7837940606292877,-0.9179535392567306,-0.5586094348448382,-0.44973195646154046,-0.530230775122276,-0.7605281510815525,-0.7011877757925437,-0.1838074695778357,-0.06571188861638905,-0.765657109786566,-0.7040541568069444,-0.35639310176282374,-0.07377649797301371,0.09725723116316042,0.08507420978148372,-0.4097612110112289,0.18482538552920644,0.0,0.0,0.0,0.0,0.0,3.0
Decitabine,61.413020833333334,0.9984997202344332,32,28.014130849892677,1.083406688709663,32,0.45650693750991517,0.025367564825891798,32,61.12916666666666,4.607487672509796,32,27.34252430796446,1.0074862555717095,32,0.4498312131013839,0.037014916268768155,32,-2.485947,3.7207344,32,2.218164118938148,2.651793258717898,32,0.19779444485902786,0.5699966734975934,32,4.872256,0.8870766,32,1.9772128872573376,0.6580255322478044,32,0.41115877,0.13972038,32,-7.914271,3.244714,32,2.5022482303902507,2.702154029845228,32,0.11885925382375717,0.6723694750844141,32,20.896042,5.0516415,32,13.426446437835693,3.2487668116429766,32,0.6620760858058929,0.16907028268129393,32,28.810312,6.06227,32,13.901930004358292,2.8473327398178143,32,0.493001,0.10866427,32,-0.05508796456351849,0.08786344320369138,32,0.20191353440428605,0.06343407500534681,32,3.08246527546866,8.154494290784168,32,0.21422132743198957,0.10209848694650678,32,0.15622568313510735,0.06449662973591305,32,0.7812441743943737,0.20635615775420674,32,-2.659153313685303,3.166046339049712,32,4.073511409501413,2.2153516478380757,32,7.7824469311897655,34.40324567826443,32,34.38810763888889,8.069450659606085,32,20.027709938630544,6.1666070178488015,32,0.6108450314887816,0.21389296922411857,32,0.4307901855486093,0.13031627381892388,32,0.21589447921664645,0.06693695235932402,32,0.5242827457487513,0.1664113739304754,32,0.21150456315971572,0.12772058236346506,32,0.7178450708866311,4.965039405162185,32,4.84375,0.6278162356983543,32,298.0729166666667,41.053988571131136,32,4.0,0.0,32,51.973705758154395,138.38586042555508,10,45.220282547920945,139.54404172042086,10,0.5135795205831528,0.539668177728591,10,-0.417416753999088,-0.4683340019845784,-0.3320106924675969,-0.2294680519129446,0.5637435421705711,0.8293144555933909,0.27905632152498033,-0.11907808960522669,0.43951344209820015,0.745381369016353,1.575441778313698,0.3078373571711484,-0.2863241703285247,0.8704164549937359,1.4207410390298842,0.5789709434236794,-0.5215505176244597,0.08516542765061096,1.0796438572072238,1.509425698964977,0.9299119895643339,0.8127585869183996,-0.673569573719325,-0.4733921655382373,0.353583364697643,-0.2960318533367383,0.0,0.0,0.0,0.0,0.0,2.0
Docetaxel,61.6609375,0.030845137234891472,32,27.828997558037578,0.02404710465699079,32,0.4513232706233242,0.0006165809930517505,32,62.01875,1.3662846961624584,32,27.320104413334928,0.7683378588009627,32,0.44045132027618267,0.0033152400226135357,32,6.922668,4.156327,32,10.137273279950023,3.6618095619638042,32,1.3615301391109824,0.5984100748220366,32,5.4600606,1.0441216,32,2.020174266770482,1.0105013226974595,32,0.37523535,0.17680654,32,-1.5375,3.6457832,32,8.974362809211016,3.3726854352484645,32,963363.2347263172,5449584.694733242,32,26.68,5.33461,32,13.261882305145264,3.799059536650067,32,0.5052301730029285,0.1342299498985729,32,28.2175,4.2388253,32,12.571910321712494,3.865663790031578,32,0.4445645,0.11103902,32,-0.16440001818557237,0.07615942647976923,32,0.18424348417954897,0.09242072891372385,32,0.0,0.0,32,0.305782253647378,0.13487222282486555,32,0.2200395230156482,0.0996498528025118,32,0.753524824442055,0.2093039598624687,32,3.264543308102347,3.3952230295504195,32,8.999905327272762,3.394487766977516,32,6.24084323613042,17.9439437366178,32,19.865833333333338,8.480365346833272,32,16.105130400350674,4.415856707577327,32,0.8737747804112462,0.2556904892279348,32,0.644470062960655,0.13603621380457884,32,0.2401490891116844,0.06623303561991908,32,0.39751021546062604,0.16202578194596765,32,-0.02395654229210466,0.22489012372750938,32,0.6675620223948772,5.083905702377229,32,5.0,0.0,32,308.3046875,0.154225686174459,32,4.0,0.0,32,2.1865349873900413,3.5954712383581358,30,2.4844900950789452,5.203744409205025,30,0.882695019741853,0.39206644510630917,30,-0.2550808203660973,-0.15448908105486864,-0.45597320317215617,-0.18832109000677413,0.13089635866732025,0.6349915287914787,-0.21140230068061247,-0.4093839452532559,0.029477167618434077,0.5716368204812498,1.5362278463959096,0.33906338592552554,-0.0974262038047218,0.9329825730661053,1.1582467347412673,0.1819624459345937,-0.7139699442622761,-0.13499825461141343,0.7090536405258476,1.0392696147351983,0.041787035982035134,0.6201285063830406,-0.43777448333546415,-0.43820536919668523,-0.38560473709639115,-0.2682202877988981,0.0,0.0,0.0,0.0,0.0,2.0
Enzalutamide,62.7146551724138,1.2310984722092149,29,26.944912066057164,1.157358555910438,29,0.4299309029068369,0.023047738188784573,29,42.95632183908046,4.565837632849607,29,24.822337892889845,3.9386376359295427,29,0.5773928126942749,0.0740028542950332,29,1.6903017,14.021885,29,4.1045005321502686,2.4081685024605446,29,0.6495423043821136,1.6127134617642722,29,10.5935545,2.5570796,29,4.392737945605969,1.8162080650941257,29,0.4057163,0.1488572,29,-7.4471264,14.5158,29,3.0770248195220686,2.5626176083174803,29,0.0023880146186927268,0.012859852283506792,29,40.798218,11.132025,29,9.67984804613837,4.438596634299937,29,0.25738407363151683,0.1403391629728486,29,48.245346,10.489838,29,9.504373402431094,4.117108563435515,29,0.20554984,0.098812945,29,-0.8727971150240708,0.4037412570330478,29,1.4779850807147508,0.604376787431685,29,0.0,0.0,29,0.17915116295910977,0.06532467017437045,29,0.18263781108645613,0.05098711012451755,29,1.0647606056893408,0.2948060904705449,29,-3.8002588306150695,14.922323806980044,29,7.834285289659004,3.009564024554485,29,0.14414013584495067,0.7742099582633044,29,38.92613026819923,10.536711364856883,29,22.325979527028164,4.598814589460275,29,0.605195728827552,0.19565687171041063,29,0.4034881317961946,0.14340089883180937,29,0.2189313918691538,0.09472327597916867,29,0.5535252722079094,0.1850986063080083,29,1.6024783980878974,0.6649969926924919,29,0.12172324803411051,0.12210241185335075,29,4.862068965517241,0.4411136823860458,29,305.303448275862,31.711179673045248,29,5.0,0.0,29,16.343443039661416,54.41818310136235,26,20.20485879224725,94.65576951632518,26,0.25697017163754654,0.43000071402485246,26,-0.43046540422739665,-0.4614768223853419,-0.48642360362149334,0.22883195881387047,1.2194429881853333,0.9181968136874369,-0.398182668974948,1.361435408825301,1.9650254708345318,0.8784051303981614,-0.23071118162205964,0.6659633728980973,1.1375752822836593,1.0785115826916456,-0.46488155769392125,0.38828109239499925,2.255459742062333,1.247917824162895,-0.49402886830233783,0.8300644506343762,0.8363349339974043,0.6296297272179706,-0.6403876417547947,-0.4718594959584393,0.9478326230026509,-0.28544968107034824,0.0,0.0,0.0,0.0,0.0,1.0
Erdafitinib,78.3745888888889,1.5450405464334784,25,11.433401813727185,2.6044534286179304,25,0.14590186534944466,0.032692810269162174,25,47.96066666666667,6.995047652923223,25,14.205864420183598,3.1946795446987473,25,0.2979460597026111,0.0785595846471229,25,4.206201,18.396515,25,5.915203732252121,12.738325656421287,25,0.15147417783737183,0.3215670193165742,25,3.5494854,1.1697165,25,1.9812908625602723,1.1131691694570813,25,0.53248996,0.1789311,25,0.8579335,16.531816,25,6.062242659926414,12.995185857447904,25,0.1581941342353821,0.39735505487063316,25,23.897,17.174892,25,16.215104475021363,7.381069392893724,25,0.8264343214035034,0.34531824744202727,25,23.039068,7.282098,25,14.33297839164734,5.470189823370118,25,0.6019703,0.16815028,25,-0.04850843913915548,0.05885360708251116,25,0.06530913886317785,0.06622856826955979,25,0.09789583489858604,0.34563465175235375,25,0.13639282587964838,0.11292918678796338,25,0.12414856946095282,0.11243814245434787,25,0.847418920972695,0.2810189531952079,25,2.764273033295822,17.27246150758886,25,6.608606073435838,12.69954250301769,25,0.25729171459093414,0.6587571789503369,25,45.30937777777777,12.941959479796617,25,19.697275824052944,8.306763671351577,25,0.4792038134075705,0.2689841918364512,25,0.4249022536835381,0.15908857294655301,25,0.24143751738862795,0.09722524659328999,25,0.6307647006137694,0.2794342413249392,25,0.023562165393106668,0.05309848995789477,25,0.2919321353912991,1.2534553063635323,25,4.48,0.9626352718795766,25,351.1673333333334,75.40790932580542,25,5.0,0.0,25,0.45362558448687196,0.6051933008480666,6,0.20884135738015175,0.3363823054778114,6,0.5348493357499441,0.4347812069911783,6,-0.11249398578371646,-0.1081627505462204,-0.4264813984698784,-0.8071976369308181,-0.5066709329459229,-0.5423003135320561,-1.0341272155291603,-0.6480878342691156,-0.18988578903486383,-0.6585150745209912,-0.8171737694960022,-0.7228859255675879,-0.4200555831373955,-0.37557305791440715,-0.6206203050476592,-0.912279431798865,-0.17809301918396359,0.14645464552360446,-0.6267761584018927,-1.0101594973280075,-0.26176759016565126,0.21536140769651996,-0.07554368098516953,-0.048977086918016007,-0.5305435805854175,-0.09556041431676758,0.0,0.0,0.0,0.0,0.0,0.0
Erismodegib,62.854838709677416,1.129867605718303,31,26.709743834105815,0.5371177341398709,31,0.4251040849206546,0.012574310100727336,31,43.480645161290326,3.5515413888281144,31,25.070813710905934,2.802488751476554,31,0.5760123345347575,0.041876570171791555,31,2.239782,9.225368,31,5.674849971648185,5.837007937646466,31,1.1453846923766597,3.3824832068875907,31,11.239893,1.5288529,31,4.343451746048466,0.8339310794332221,31,0.3914622,0.07987666,31,-7.205645,9.214858,31,4.693887720184941,5.97695070701002,31,0.16168837008937711,0.4286199796929837,31,43.980484,6.761033,31,8.505551545850691,4.33788943491831,31,0.20325855406061297,0.12569956400865745,31,51.18613,6.2226067,31,8.453098750883534,4.066632455076948,31,0.17676695,0.11052402,31,-0.8921297666947857,0.19758854183227464,31,1.5421998401297836,0.3706815021353019,31,0.0,0.0,31,0.19270560334257086,0.04419181534336632,31,0.1914772942851311,0.025276426155163675,31,1.0356075474187245,0.23635916983867633,31,-3.035944562264647,10.103591467490126,31,10.968836800947177,6.234265706512422,31,0.1517908114674798,0.40409465277180523,31,41.46596774193548,5.866715412111149,31,23.262856615131433,2.9154905720676765,31,0.5701649778722715,0.09644875434177906,31,0.3911367675322874,0.08277282721127391,31,0.24736306129687968,0.08580890485725588,31,0.6362978886122456,0.18430333721615966,31,1.6557170921367306,0.4323039868152193,31,0.1463153537197711,0.08771666013250724,31,4.935483870967742,0.24973103811470743,31,310.4483870967742,19.707187706819777,31,5.0,0.0,31,8.638412047819845,12.455771432741843,29,4.011739792109563,9.99400851069325,29,0.37509003692659837,0.503024692104637,29,-0.131854175526365,-0.057992204166407886,-0.01999236511869665,0.4128199305482282,2.039194597137675,1.7010539723398443,-0.16432838454792226,1.3107990918363381,2.2521000590263593,1.1893508260259071,-0.22430089009609006,0.9259564583497939,1.5662665647699099,1.5493840620930757,-0.5094428102697945,0.25258915279979977,2.4813407237585934,1.6882479959291776,-0.4031303185746375,0.5073220426762466,0.8142353920514801,0.3061415842839274,-0.4628816159012795,-0.3279011934029406,0.976820391700456,-0.07272879325213531,0.0,0.0,0.0,0.0,0.0,1.0
Floxuridine,58.44730158730159,1.0744199497836222,28,23.842025974303557,0.10185273929748918,28,0.40802977644689953,0.006145757351386102,28,54.83809523809524,1.2857149389246498,28,25.16106798764139,1.1473816062981637,28,0.45912861363463797,0.023656950892497062,28,11.194666,12.172156,28,9.466893549476351,7.949849544907677,28,1.0290222700153078,0.5095417867347705,28,6.9923053,1.5106524,28,3.0255021240030016,0.7880599374529331,28,0.4382039,0.09696868,28,4.141905,12.440388,28,9.281049805028099,7.975939276503561,28,0.9101072698831558,1.8426316029114416,28,38.993336,6.93849,28,14.568651029041835,3.1215199975295023,28,0.37845758135829655,0.08539163868628115,28,34.85143,6.6969867,28,14.342524749892098,2.9079080620893545,28,0.4203368,0.08783077,28,-0.0558460159185397,0.07250277066392666,28,0.44355293702964316,0.1671571882552768,28,3.674318106793527,8.161136108820406,28,0.33263372830247284,0.09553002222865095,28,0.21599759636107993,0.05142480404143201,28,0.6830205146343469,0.17523172127201736,28,12.98176352911084,10.783692432589294,28,11.673369077186596,5.878771619118885,28,1.1418973670664339,0.7488222411278779,28,40.64140873015873,8.1051137412232,28,20.256617865745092,3.3316126632459566,28,0.5224866442984559,0.14780525182997156,28,0.29737107534213164,0.11851823512976356,28,0.21849156984670587,0.07698321285306291,28,0.7589080824180217,0.15533009302709372,28,-0.010768878597171013,0.14436527811388516,28,1.3409813288622447,1.5853573308589468,28,5.928571428571429,0.26226526415648105,28,346.23809523809524,9.908670245383393,28,5.0,0.0,28,4.381452389061451,5.584974110512494,28,5.521500705076115,10.42892893799968,28,1.0385127748761858,0.4634948895084469,28,0.1553159700706686,0.25511306492125174,0.9505129534989545,1.4397198896519379,0.996264186846722,-0.325302733300708,0.15417787713633777,1.0884631890624266,1.0162626966516073,0.7173940224758123,1.2549389421717003,1.809353954425017,1.5679937206677927,0.8512540034220023,0.698154379659229,1.259811809156826,0.8390613684058124,-0.9579077102466744,-0.16325086569623368,1.224304163543319,-0.15639213559707596,-0.0909684632307411,0.1094636560138998,0.03465571474182294,-0.1464556453394978,-0.017733984880084756,0.0,0.0,0.0,0.0,0.0,3.0
Glasdegib,62.63766666666666,2.034814351346197,25,26.852055185503062,0.7964000187388192,25,0.4295466036262989,0.028596388008767813,25,43.64333333333333,3.909532509705531,25,25.54130460919977,3.1751226598615507,25,0.5849517576984263,0.06215881889827832,25,1.3755577,14.574996,25,3.114689354300499,1.3148063272987676,25,0.36223500162363054,1.2274196841507354,25,10.731316,2.054967,25,4.215208206176758,1.1333652892641761,25,0.3901964,0.0765694,25,-7.6193333,15.420086,25,2.5308343172073364,1.2005021994245257,25,0.0006375610828399658,0.003187805414199829,25,43.42913,8.743797,25,8.104937257766723,3.9740326836910747,25,0.20101691991090775,0.12443371705614391,25,51.048466,9.252166,25,7.932151198387146,4.144941377654767,25,0.17028561,0.112238154,25,-0.8458827078147803,0.23001437788079793,25,1.4526033460962957,0.45761175135240717,25,0.0,0.0,25,0.17434153665254162,0.0657090042968354,25,0.18099288965640148,0.04207246894641985,25,1.0885618033514066,0.2458481818179713,25,-4.208678364758228,15.820044065416814,25,7.23312925255766,2.609347103324125,25,0.0008647251621778446,0.004323625810889223,25,42.176433333333335,8.347477120530357,25,23.755028668096088,2.6366058739405864,25,0.5853570147905984,0.1305270461870547,25,0.3738051484666744,0.10840056267081352,25,0.24097160965997022,0.06510301526022609,25,0.6684372787131888,0.1727444378121292,25,1.4589364875914692,0.517970183060414,25,0.3192371696553084,0.6590228594730535,25,4.88,0.4396968652757639,25,306.48400000000004,33.68035629265224,25,5.0,0.0,25,10.741840637410464,9.206401829133478,23,3.6188807646217556,7.2595429611606646,23,0.2823814639578695,0.3829497073997899,23,-0.4674108756232093,-0.4875153053376982,-0.5697026346186808,0.3534360885533759,1.5235082272578084,1.3070360103622674,-0.44559363892703635,1.6818424209436937,2.4821279238878,1.3531339333924726,0.040520012646761416,1.2938942130160311,1.847742127307096,1.8066724098136462,-0.3001326274487876,0.4656741657638033,2.636354538477141,1.7834479475087113,-0.35374102629185966,0.8560651201132224,1.3802503153124475,0.6465014326696691,-0.8097122711890744,-0.4926300372796201,1.323465792378377,-0.2843660217618125,0.0,0.0,0.0,0.0,0.0,1.5
Imiquimod,61.437916666666666,0.9020827156122946,32,27.81894570534468,0.025655199810802515,32,0.45289250886237026,0.006671871528840431,32,59.54375,4.958497557594824,32,26.609893797618856,1.8426089876290517,32,0.44906523136389087,0.04236269554271228,32,-3.3755128,2.3494432,32,1.5504115652292967,1.2644887018695572,32,0.5494333580136299,2.1274722660318743,32,5.5697045,1.1542664,32,2.3333255909383297,0.8551836486955886,32,0.42941517,0.1504073,32,-8.961875,1.9041762,32,1.477715464308858,0.7533525290706509,32,0.0,0.0,32,22.690416,6.269816,32,13.831468880176544,3.1910197381513847,32,0.6547947104554623,0.2196479822285351,32,31.652292,6.501759,32,14.563282445073128,3.043308349496367,32,0.47813767,0.12189215,32,-0.01762601303939985,0.07958529493689807,32,0.27085708131519826,0.06918226691130265,32,5.642004884407914,11.621110270361136,32,0.2700075395251859,0.11579250859962462,32,0.2009457183199521,0.07550113475547228,32,0.817723832591,0.32771535728812307,32,-2.0941380743960503,3.8439464299161394,32,5.334751126860423,3.1740837514849116,32,26.991201062003146,138.468965804837,32,36.62923611111111,9.613316080951565,32,18.626562147464853,5.131842178675741,32,0.5243011599071887,0.16055212162749677,32,0.397570010482566,0.1414483838549921,32,0.17967757114870758,0.0649607511185742,32,0.49970268860142236,0.22631752995953522,32,0.23909317205742775,0.1821672640409329,32,-1.5956460316105183,3.963848558381158,32,4.875,0.4918693768379648,32,299.93958333333336,33.03791830153534,32,4.0,0.0,32,5.914293885231018,3.2468741013029674,8,1.2415352873504162,2.2177383299360858,8,0.2923200889490545,0.45001201359461374,8,-0.3973553484128856,-0.4874517529899517,-0.20892499253991634,0.01746735543338816,0.9835179693017404,1.2248464301477135,0.5563178291532964,0.012709717559728495,0.7570374370071037,1.003495870732434,1.8356335130192432,0.3504661415555721,-0.3352649208225053,1.0357766823101564,1.7619801660621426,0.7456360056062934,-0.47397490652272595,0.364148040985243,1.2362618273374302,1.4694167832604326,0.9219012285256344,0.7777550588306664,-0.6836418478275658,-0.477362683393573,0.5709916299311824,-0.2879310177191253,0.0,0.0,0.0,0.0,0.0,0.0
Infigratinib,78.63060897435898,1.2321232252068028,26,11.924447104376728,1.0226751464264061,26,0.15159616399073642,0.012460021415398618,26,49.49230769230769,2.195481373534848,26,15.075698086678146,1.4019249696882485,26,0.3067031920937913,0.05100153105108042,26,8.18499,23.927765,26,8.931869412843998,14.086111137332885,26,0.4106849684165074,0.7979554239371965,26,4.6897326,2.260082,26,4.2412821512955885,3.9472395238840674,26,0.78911597,0.34830862,26,3.9597435,20.135286,26,9.314821859391836,15.805405703680012,26,0.3315734336009392,0.7516185440482178,26,30.690866,22.246155,26,18.464334194476788,5.318598335411857,26,0.7899099118434466,0.35863219976844046,26,26.731121,6.21285,26,19.07569591815655,5.749512465101708,26,0.7296461,0.20916763,26,-0.10406496835343587,0.11077037320838849,26,0.16854646201114187,0.21236087240934753,26,0.0,0.0,26,0.16008157970715622,0.07106788166294867,26,0.17958977756762728,0.111743709657937,26,1.0587447646048056,0.3560268320956079,26,5.024377707388243,20.864014145497766,26,10.011525108999567,15.881645816751933,26,0.634961034364766,1.5733203140282122,26,44.493376068376065,13.38295204675542,26,22.015023452854756,7.097201288745197,26,0.5542798224322549,0.24621161774552933,26,0.44180011597982916,0.1678851200455201,26,0.2475828308404531,0.0964145292440242,26,0.5985666813357269,0.22796671120211395,26,0.051810957955320806,0.34191798274022933,26,2.831262629746562,8.158730802800948,26,4.769230769230769,0.5870395085642744,26,374.73269230769233,44.36893344591694,26,5.0,0.0,26,1.1594743840396404,1.664522241035092,8,1.1941257063299417,2.0667618704836017,8,1.1354340091347694,0.531339785587328,8,0.09757008822149522,0.18020606445883347,0.13503516975526125,-0.47281855027213165,-0.5125452120594282,-0.5115867489740311,-1.0035717638124702,-0.5993086882718603,-0.21415451898695853,-0.6923355565707626,-0.943654747149505,-0.7207544767682756,-0.35915780401465147,-0.3649265269770372,-0.7060511925358144,-0.8372079547365224,-0.10900910037073605,0.17271014819126845,-0.7197011902974056,-0.8974096321358606,-0.2811179574923806,0.3904354538561488,-0.2598211117922018,-0.2866652871431675,-0.5305435805854175,0.1885327407911474,0.0,0.0,0.0,0.0,0.0,1.0
Lenvatinib,78.29461309523809,1.7381673967967486,28,11.4637903523327,2.428087004382164,28,0.14636785991931683,0.030186387916895586,28,48.93154761904761,4.651758239398631,28,15.083274479076254,3.411264871181324,28,0.30992105138840076,0.09140783161729947,28,0.71263015,12.067996,28,3.409450571451868,7.96383299407376,28,0.09897448761122567,0.2537285014412913,28,3.3513324,0.9589337,28,1.8685757773263114,0.6883848461679433,28,0.5794066,0.19967917,28,-2.24625,10.146926,28,3.601843132238303,7.959709408506924,28,0.14353250392845698,0.358418045281444,28,19.81726,12.074716,28,15.511107793876103,5.41725815912073,28,0.8811987260622638,0.3547819987694191,28,22.06351,5.574143,28,14.757127361638206,5.554225893829077,28,0.6711861,0.20104954,28,-0.03951636893518124,0.06220838196652164,28,0.052805771323654126,0.03519230875577114,28,1.3473597059276246,5.201743470824262,28,0.19227491022435123,0.20168720166654472,28,0.13482857766802853,0.11729629854667557,28,0.7565572954194991,0.32598293884732354,28,-0.6421339532507652,10.634479492767596,28,3.98003445805698,7.702669274867704,28,0.1193570171267783,0.30007563363123924,28,41.113412698412695,15.44898125216886,28,21.41605901359554,8.228921478080391,28,0.6211086348951355,0.38362651392768726,28,0.48310344990440024,0.19387219189266638,28,0.2416703163600312,0.09825948723694485,28,0.5541892080365388,0.23490784590431615,28,0.029357889935321516,0.08490505927938877,28,-0.3020066191630785,2.399743519973473,28,4.535714285714286,0.9993384054849732,28,355.5339285714286,78.92872109717642,28,5.0,0.0,28,0.22396399453282356,0.087347435220273,4,0.13874103501439095,0.011426656359608,4,0.6849776431918144,0.22779054265874923,4,-0.278576667410919,-0.30335742124915993,-0.6803426574946841,-0.9070098128931919,-0.7304394607595509,-0.6985270116723744,-1.1735843946567406,-0.8127312823139131,-0.3048255885868759,-0.7109158398628617,-0.9638144744516881,-0.764372795598162,-0.3769769779762524,-0.3972525356244571,-0.7312966052680012,-0.9368190242218996,-0.14218375581938694,0.2501626577601215,-0.688871817251167,-1.0361290641937722,-0.2511724882172461,0.3599747801653402,-0.10359087263338111,-0.1805654572115305,-0.5305435805854175,-0.2770116157342485,0.0,0.0,0.0,0.0,0.0,2.0
Megestrol acetate,61.670967741935485,0.007659104888565188,31,27.821181593459137,0.005923434922918204,31,0.45112284984840056,0.00015207583364888836,31,61.58064516129032,2.1911061673408563,31,27.188933398656847,0.8394228164929471,31,0.4417401762197588,0.011816254622284732,31,0.4934007,9.276378,31,2.8161710625694645,4.166714902832988,31,0.19731576692673466,0.49078082887255475,31,5.2439623,1.1538494,31,2.341804979308959,1.2650328842994254,31,0.43551636,0.1791158,31,-6.0787096,7.3937016,31,3.2469303742531808,4.876665135217644,31,1.2020307087129163,5.695986954200184,31,23.529676,8.040882,31,12.60065181793705,5.508279549076349,31,0.6140552240033303,0.3057588234167946,31,29.608387,3.6310248,31,14.330217376832039,4.219591901794208,31,0.48473293,0.12946354,31,-0.03411357920930321,0.06568204731286909,31,0.20953642546969506,0.07142572986747303,31,5.172228632986242,10.145697345057522,31,0.19909532044891343,0.09231711500419079,31,0.15794173365425868,0.07237544073144317,31,0.8035296517978744,0.15479244484889265,31,0.8314156169721172,9.412635437004461,31,4.935595250197361,4.90564954694602,31,0.7965786622898204,2.1102425759898,31,35.747956989247314,8.188252184387427,31,19.55998258366032,5.339926511564822,31,0.5727974565002831,0.19680879371102675,31,0.417386035350819,0.12566712303247798,31,0.2123657592228237,0.06545424919583334,31,0.5310507373849633,0.16895487420620248,31,0.27086156900679653,0.1330755381389792,31,-0.4802594044703309,0.5080516851268856,31,5.0,0.0,31,308.35483870967744,0.03829552444282328,31,4.0,0.0,31,5.701676193963397,9.131530352271687,11,0.5636904510584745,1.0339822841434558,11,0.5029830986803229,0.45844768148214343,11,-0.16055816281354676,-0.24152987624927924,-0.22795051967783406,0.14211601620503678,0.8212734083237697,0.7480445582111718,0.22777393986297367,-0.31375740388879886,0.34796420023384556,0.8623952770302553,1.7095339075145046,0.245142527616608,-0.21680776232635682,0.9898935205569604,1.3873240424329698,0.48369714073652287,-0.5901684079690613,0.20515957337220517,1.2594983479337436,1.5205104082427314,0.7904568573932984,0.5815558697146928,-0.4218903158322186,-0.3038271543512011,0.3390894803487403,-0.17099884840127494,0.0,0.0,0.0,0.0,0.0,1.0
Mercaptopurine,61.282213541666664,1.4926374207938375,32,27.982826988101323,1.1206217390688575,32,0.45703409929498956,0.025539430232339618,32,60.684375,5.78825893790681,32,26.843439552197196,3.5233877403812,32,0.44048451095757046,0.04587711580412428,32,3.2857516,14.2141285,32,6.117427627556026,8.81180378705973,32,0.21735008992254734,0.3961002561518849,32,5.1433487,1.1590903,32,2.233701566234231,0.7585962213852969,32,0.4452435,0.1493447,32,-2.8678126,11.76162,32,6.36735712364316,9.07562087338097,32,0.372177068144083,0.6894115085216135,32,27.001875,12.476157,32,14.794927880167961,3.1401311754496497,32,0.6545365243218839,0.301077172232098,32,29.869686,7.1678433,32,14.368526324629784,3.7933877402409717,32,0.49502376,0.1457941,32,-0.09353024231727008,0.07867434480073619,32,0.20307337447438273,0.0847550135309134,32,0.6829988783973885,3.2286834749448774,32,0.251884814493593,0.14126075187953266,32,0.19384866792076705,0.09982884566415734,32,0.7911751580735567,0.2627968689809771,32,1.9119958761698166,11.642776303713852,32,7.750305766717546,8.290047879630823,32,0.28392233586189036,0.5171570674694551,32,31.88619791666667,12.261477362167032,32,21.009755437544232,8.097413564207887,32,0.7465010145563621,0.380017400992533,32,0.48431711703012836,0.16893543852607457,32,0.2448876454903723,0.09129153262245587,32,0.5179348633807362,0.14533759250912762,32,0.20952559032695342,0.1638671778434174,32,0.0826358343086436,0.5731392583216349,32,4.875,0.5535807194106618,32,299.346875,37.36976775269924,32,4.0,0.0,32,2.0601151450113817,4.955606118933751,11,0.23654343729669397,0.2879031623845858,11,0.6081577972932295,0.40871696652121914,11,0.021665288922887976,-0.11282774787767627,-0.10751622362953686,-0.3060500820966033,0.14644851997615932,0.5470060862007395,0.11200449100032037,-0.2656474126245392,0.3651281035251688,0.6588726737381858,1.3851840265087692,0.19479666776783405,-0.46580719245411395,0.6530901210153275,1.4153074302751718,0.7002152714722804,-0.38781012054913194,0.2605960962011298,1.229574520620646,1.6393826020616546,0.4243763306432338,0.5167314358965419,-0.0657688668805586,0.056210547832910115,-0.21167812490955962,-0.09048523587851649,0.0,0.0,0.0,0.0,0.0,2.0
Nilotinib,78.2048106060606,1.427371196166512,22,10.652726922834333,3.010318993543289,22,0.13619407043672035,0.037740887527106595,22,47.89924242424242,5.738237283662738,22,14.884472743543096,1.9845391653184843,22,0.3154687052940363,0.06011750287939809,22,-2.516822,3.0198734,22,1.674628589640964,1.74422846276078,22,0.17733721299604935,0.671370465360881,22,3.459958,1.2706414,22,1.7413128885355862,0.6893737600212129,22,0.51302046,0.20431256,22,-5.82625,1.0405813,22,0.8431949317455292,0.8760083360938312,22,0.0,0.0,22,14.576932,7.9768877,22,12.507429385727102,4.7684341259071,22,0.9292665489695289,0.4305094918963929,22,20.403181,7.7778788,22,12.306257280436428,4.921922522756164,22,0.60772544,0.22903891,22,0.001830084888241592,0.06182204977591268,22,0.07568644450854135,0.0354535998845915,22,3.717892920465695,8.055488842578898,22,0.20707946573385375,0.1111156092852808,22,0.20597204639964517,0.10956963883783032,22,1.026032212542766,0.41247811584851074,22,-2.6311299041039145,2.5958318279078694,22,2.987697327399884,2.2271291282002372,22,0.16063266234789794,0.527964335332042,22,45.25041666666666,13.00750487250176,22,20.72357491868099,7.979481226435398,22,0.5429169879067647,0.3333580371495729,22,0.4175632846939956,0.17063094558724212,22,0.24886795688518754,0.11651495973354492,22,0.6223884833937318,0.22306485033380158,22,-0.04096481024372296,0.06820540399347493,22,-4.18823736557273,40.21355948935925,22,4.454545454545454,0.9625003513801573,22,348.61439393939395,76.65516740804853,22,5.0,0.0,22,3.4140404292515347,3.5147700800651993,7,0.04127204631056104,0.07100713386729762,7,0.06169298504080091,0.11182280069612233,7,-0.39486090143037905,-0.4200608972341833,-0.5122986028235965,-0.7362896437328512,-0.7361037005796519,-0.6824831654230344,-0.8182782099121434,-0.5547345556322106,-0.5085130620533853,-0.834903019665567,-0.7567204654315969,-0.8622573125496839,-0.7527604935861488,-0.7886865533924121,-0.7743927127902435,-0.9754806341425969,-0.6124058365449442,-0.33154297875903377,-0.7177897341518684,-0.8142926894677531,-0.3529943344804296,-0.030764459667017515,0.10475734972618526,-0.15426668770935828,-0.3590326157900696,-0.31357822769820015,0.0,0.0,0.0,0.0,0.0,2.0
Ponatinib,78.39017241379311,0.992396902266455,29,11.377800635047986,2.373891729599792,29,0.14520000951194384,0.030017890087449723,29,48.58103448275862,2.5545544611145456,29,15.249053434481393,2.0560305230564757,29,0.31347242991950075,0.043733094758455944,29,11.9572935,25.298122,29,11.24405470079389,15.334079637425111,29,0.30110767175411357,0.4627818656708261,29,3.4079568,1.3137964,29,2.327597772252971,1.3856024518622834,29,0.6874414,0.2712803,29,8.2172985,22.54922,29,11.208438927243495,15.542647597647694,29,0.42905783242192763,0.7624331125056146,29,29.155144,24.315567,29,17.255480914280334,6.356040776682403,29,0.9263965220286928,0.5008367048223111,29,20.937845,5.5393114,29,15.29413131187702,4.6685408553653165,29,0.7454861,0.21228257,29,-0.06137279963136271,0.06572318454881479,29,0.0841567590439443,0.08963350893986392,29,0.03410642440006842,0.183668716376442,29,0.1777754627594203,0.1522355767965291,29,0.1741742071813119,0.14027080386131718,29,0.9450769082102506,0.28858584885893607,29,10.065462221955327,23.938652902729316,29,11.472292088398325,15.587545388653197,29,0.35463426348830496,0.5611734786234429,29,36.76753831417624,11.552067831541963,29,23.613575473968407,6.062704289477126,29,0.7178980562159001,0.29114560290237734,29,0.5342853519250503,0.1443890575809938,29,0.2898477490660884,0.0859337253032632,29,0.5760984068032665,0.21971657685516058,29,0.05546822918705265,0.1668374016354691,29,5.708880109799153,33.73291012958307,29,4.724137931034483,0.751025571380226,29,370.2810344827587,58.970269063447866,29,5.0,0.0,29,4.943444006688272,10.019141710222952,12,4.1300064486761885,11.171982903694675,12,0.9432942767937978,0.6199314328716664,12,0.35440532995182916,0.477454481551222,0.26956955773005176,-0.3234773509252239,-0.5250176962988943,-0.6417157318467425,-0.9159426758635165,-0.7330418661963645,-0.47075457397336967,-0.8302641845969934,-0.9418907574366263,-0.9005465488682212,-0.5697353118242698,-0.5592841604376768,-0.841385302556526,-0.9381292356353319,-0.29775931491372365,-0.09732068171441033,-0.834335083643922,-0.9992204712328687,-0.5706501499975952,-0.20411733036529772,0.1598455802943635,0.13900275308697507,-0.5305435805854175,0.35730408148623877,0.0,0.0,0.0,0.0,0.0,4.0
Raloxifene,63.20940860215054,2.9848729282583313,31,26.036810987299226,3.416410295341663,31,0.4146783681423546,0.06276317860730828,31,43.0,4.762072378002389,31,24.688182156177426,3.3165419567449024,31,0.5749084518110205,0.0502023066950444,31,-1.4163291,1.3122722,31,3.276122654637983,1.2471241956032986,31,0.4974827612600019,1.6630083403688698,31,10.495912,2.0752168,31,4.002596201435212,1.132869575237783,31,0.38499218,0.08982524,31,-10.392365,1.7227328,31,2.6575364114776736,1.4768410041289097,31,0.0,0.0,31,39.199463,7.6837673,31,10.759551155951716,4.833565164427998,31,0.29733274588661807,0.17235600680093807,31,49.591827,7.475958,31,10.121379375457764,4.117273393783956,31,0.21360457,0.105384395,31,-0.8115097061262662,0.35758074484149105,31,1.3685636215660022,0.4872110439487971,31,0.027154893537534357,0.15119204851472706,31,0.17571547577338714,0.0391481168109154,31,0.18216144814598342,0.03479503935042738,31,1.0703268702084072,0.25459496483191124,31,-6.533068633933985,2.650115894745594,31,7.421953226384347,1.7802559234895547,31,0.13875000357226072,0.7725273252321715,31,38.95062724014337,6.018452306317159,31,22.71401258061472,3.5802653275218,31,0.6004357763887935,0.1498635273844709,31,0.41263397816647257,0.08045432869210574,31,0.251241539817889,0.08089238688663443,31,0.6133738207910311,0.18116982094209166,31,1.4547252443529275,0.5695892350835802,31,0.1584260393796256,0.09857756948763975,31,4.935483870967742,0.4423787118874311,31,312.23870967741937,31.01740025017522,31,5.0,0.0,31,11.165387568729264,12.586787885172805,28,2.457847054515566,4.966623113869024,28,0.18142238791499818,0.3016600872244699,28,-0.4726868914832507,-0.5030214099001667,-0.6583686328072716,0.10687553683291455,1.4116115528942017,1.2371214014340925,-0.6067627017125385,1.3094623350925398,2.2661517076174005,1.0523548385454025,-0.4027431095461322,0.8476400336371654,1.5769923818239282,1.6292174554174221,-0.3157445921620693,0.17592137555524875,2.3788156893820767,1.7424402598478235,-0.34612562819361065,0.3225090772196583,1.26937414938113,0.5757232400565416,-0.7534271993755662,-0.48212030154393876,1.5493288234821099,-0.2906067887167994,0.0,0.0,0.0,0.0,0.0,0.0
Selinexor,62.64083333333334,1.5753144641370935,30,26.704192680857926,0.549464407193919,30,0.4265874852649057,0.014513408593394603,30,40.775,5.62749944469122,30,23.188116393115298,5.397557698594769,30,0.5629148450397301,0.08563642675575052,30,14.906505,17.636559,30,14.772117857138316,12.989393219976666,30,0.9165668110052745,1.348853433287032,30,10.48187,1.5729858,30,4.925067567825318,1.257756902698002,30,0.47128457,0.107676335,30,5.1335,16.104874,30,14.806160293022792,13.064831853250434,30,0.9544238090515137,1.4202167819953695,30,51.13767,15.302498,30,12.588425660133362,5.283038740060903,30,0.2702386153240999,0.16886361977231915,30,46.004166,6.820695,30,12.137495907147725,4.699029499960446,30,0.27605152,0.12485376,30,-0.8981553066227412,0.2047096136274773,30,1.560763418104566,0.4310225235248172,30,0.0,0.0,30,0.24347873052920158,0.09358548960260939,30,0.20672385447720695,0.07199372248178203,30,0.8978872603098618,0.25777326253146154,30,8.697044963512024,15.734617215533007,30,19.478709169998808,12.647249687321489,30,0.9326244792233352,1.143053770828495,30,38.343138888888895,10.01140757784912,30,25.03229017750976,2.483582669243317,30,0.7014967441640348,0.21077620582549442,30,0.43589093252236205,0.12846291321890974,30,0.28248426320790715,0.051202663659136616,30,0.6874964640540663,0.1700696598551821,30,1.7290014580376674,0.5727183907722494,30,0.13093699877720097,0.14452653188558026,30,4.9,0.30512857662936466,30,307.35333333333335,25.024177734030893,30,5.0,0.0,30,55.83472153213289,223.65167512891733,27,98.77576777670119,448.16628195002977,27,0.9431364712891755,0.6532541067963523,27,0.7747452691832578,0.9853165929589854,0.5027040696755601,0.6854605415466485,1.3974365449116057,0.8990439253338758,-0.4464417870704426,1.1361011417524864,1.7024843805985983,0.6043803952270073,-0.267627518550159,0.784066176318486,0.9597147753155592,0.934369188219444,-0.3020277483091488,-0.124466576956468,1.2854330409397436,1.1596769608397384,-0.27897986316693163,0.20447437038439847,-0.5130573371463071,-0.6556092028796362,0.6582739175271078,0.30170347816597587,-0.2986414310029754,0.4967978468039926,0.0,0.0,0.0,0.0,0.0,1.0
Sirolimus,57.505041152263374,3.3795843997806,27,23.75859849773608,0.33938977270091025,27,0.41462602711727975,0.025988736716371426,27,54.358024691358025,2.473234371380346,27,25.45022481552623,0.24470295894314809,27,0.46930734136764934,0.025667545151117403,27,6.5940514,4.262219,27,4.615565798900746,2.5527961860003177,27,1.5857836747611012,4.265842258407481,27,7.7002993,1.1447512,27,2.81551581841928,0.7347027059613959,27,0.36993316,0.113584705,27,-1.9950618,3.6505702,27,4.746423805201495,3.292194756267089,27,0.9974531067742242,3.530997650420547,27,32.16605,3.5906916,27,11.236356770550763,2.979545441330928,27,0.3484645038843155,0.09021008257943433,27,34.16111,5.282225,27,12.651869032118055,2.246624347460415,27,0.37572435,0.07547723,27,0.0629253435198037,0.10430771009730302,27,0.44922854457825323,0.14989956278161623,27,10.518039285859427,25.94356924678254,27,0.43612082922044404,0.0951589431006458,27,0.27115025766205797,0.05177171535282123,27,0.6468560106660942,0.19983870779161056,27,11.3175227927249,4.966246692664732,27,9.41077802290097,1.6099998022390845,27,1.0212777696996997,0.553939066954031,27,46.11265432098765,7.385785140062589,27,21.426959842562784,2.282248345966522,27,0.4807620549409177,0.12073048190053266,27,0.22155593371949897,0.10658059234193405,27,0.17755747274884856,0.0781285089668521,27,0.8378324606019769,0.23885656392461013,27,-0.10122380531341389,0.14880863503957178,27,0.7377718715815431,0.4568892118667861,27,5.851851851851852,0.769800358919501,27,339.0154320987654,51.527478547137996,27,5.0,0.0,27,9.888645063947749,30.31815205241259,27,18.989883640298135,67.87294630729244,27,1.1152585259190313,0.5491813632009812,27,-0.07553537386572663,-0.18686791291653337,0.454027029508246,2.0761777101437073,1.8479238351443172,-0.39165702950415177,0.04034106247868964,1.30749647755159,1.0354308833374422,0.6790404454270319,1.4243402038561397,1.7333498725927787,1.257700843229342,0.6801599029551121,0.5857440346977686,1.030437699993245,0.737792590943668,-0.9554004152103307,-0.30319077197263855,1.121244560109741,-0.16493581966141993,0.08854626851289803,-0.2938020682711534,-0.3429037129710229,-0.41821597688142204,-0.20861920682385093,0.0,0.0,0.0,0.0,0.0,2.0
Streptozocin,58.13783524904215,0.10578352000507767,29,23.83764576514145,0.09165347034229696,29,0.41002357816511625,0.0023253348317592987,29,54.43103448275862,1.9192618255771343,29,25.402598837412025,0.6682444773462247,29,0.4668991592280101,0.00749249639480999,29,3.774628,4.0632443,29,3.546249562296374,1.1625164862407273,29,2.0314577047167153,2.3623544834354453,29,7.605867,1.0717483,29,2.646868475552263,0.7800448321100601,29,0.34559694,0.08554675,29,-3.9408045,3.1814117,29,3.337170494013819,2.0920221443843308,29,0.1112996010944761,0.41633854782512847,29,32.66839,5.4135838,29,12.43513876816322,3.397226047352686,29,0.38267437240173074,0.08671266682217761,29,36.609196,5.507678,29,12.993686199188232,2.787304833843083,29,0.35354877,0.052800857,29,0.018622343986829888,0.08323545493229209,29,0.44466657051269654,0.1733273719441,29,325.67694720648694,1733.821053117618,29,0.3595962770712547,0.09036119299071649,29,0.2505382971200476,0.03698956131040602,29,0.7334663771716997,0.18539198969736448,29,7.210791099903139,4.122765086983728,29,7.163887330418409,1.759876695128114,29,1.3899629812720429,0.9124946558198946,29,43.53726053639846,7.637471893006808,29,19.974990358395935,2.6070970109937543,29,0.47758744524644237,0.13455007679424563,29,0.25540449233430157,0.11355339404844243,29,0.19287128887658872,0.07195556254263641,29,0.7804393129910533,0.1547877267872492,29,-0.005171187253927407,0.15830549020689358,29,1.2251003939379332,0.9582680679702804,29,6.0,0.0,29,348.8270114942529,0.6347011200304857,29,5.0,0.0,29,5.3470097163627885,4.858719526102794,29,5.942526901590413,7.135289865690106,29,0.8887009548729864,0.36881937236555934,29,-0.3258146796310844,-0.3334603680473269,0.4122722179485597,1.6871287015101226,1.435978906166083,-0.03657166381748557,0.37252733917524955,1.6882471839125526,1.2350954289484697,0.787262070722256,1.3163977651249557,1.997125463879162,1.828360833225471,1.0536715968652837,0.8686671755492407,1.4481676259906895,1.1346990202163452,-0.8212165528725964,-0.15144334524775144,1.5311274736630816,0.5284726940361864,0.46743955158526834,-0.5870254603345346,-0.46235450432580105,0.46228749731441265,-0.2560097869311625,0.0,0.0,0.0,0.0,0.0,2.0
Sunitinib,78.75844086021506,1.3942182155233107,31,11.053138366217127,3.5046399269662696,31,0.14074449221381133,0.044885880383296224,31,48.79247311827957,4.903171382455928,31,14.10750925584488,3.8879695473744778,31,0.28566664532836916,0.08605972541008255,31,2.0363867,15.52533,31,5.076228652269609,11.581711977865197,31,0.11919998738073534,0.3304866377466523,31,3.4250517,1.6093516,31,1.9906858648023298,1.88090704811527,31,0.516681,0.24699311,31,-1.3750806,12.169487,31,5.1827313010731055,12.368236455654385,31,0.18728123364910002,0.5354730824154726,31,18.993092,16.134974,31,13.398150209457643,7.768748261712127,31,0.7665981611897869,0.468313705737586,31,20.368172,7.648496,31,12.036453739289314,5.846063426638064,31,0.57160383,0.18864873,31,-0.055079828941657416,0.11211271128807862,31,0.08402160399274403,0.16595754543712085,31,0.3173680995762255,1.7374591342595718,31,0.15109652123890743,0.12677325123481098,31,0.12040438160098048,0.10089855393773871,31,0.8700452215400929,0.3266074992641589,31,0.6969363971712628,13.99820525071545,31,5.670137715419794,11.851935003989883,31,0.14786316932690197,0.4234173913014066,31,45.15133512544802,15.223922800794282,31,21.245450477489396,9.361384357243127,31,0.5746418232699559,0.3725281017934235,31,0.427691967017688,0.1896289043430333,31,0.2565231813882202,0.11934162015177915,31,0.6046755803297275,0.22128283156985742,31,-0.034718289004752066,0.18308384046421475,30,1.2776272739345484,4.868445373961443,30,4.548387096774194,1.0595190631419946,31,357.2543010752688,80.86793623256217,31,5.0,0.0,31,21.194466133912403,44.65465269718443,9,0.5631951805618074,1.2059217498147283,9,0.4490783473269807,0.4591565782315965,9,-0.2022253023803001,-0.23643069467717687,-0.6367425101920785,-0.5110405568239209,-0.558927160403542,-0.5399972367506959,-0.9722899613876507,-0.6264719255589055,-0.26840768544643345,-0.7277307905855398,-0.8118651731192842,-0.6978704708499199,-0.4634041104437765,-0.3907294289236093,-0.684445853934711,-0.9463553078344755,-0.36153555589989644,-0.10988437118631703,-0.799108631910052,-1.0387745256975458,-0.4511888876941194,0.016926601018087833,0.053687122524867126,-0.06041813500579279,-0.472568043189807,-0.2247056587673011,0.0,0.0,0.0,0.0,0.0,2.0
Talazoparib,63.314516129032256,2.5896249261359348,31,26.012207990772062,3.348849796518328,31,0.413011866387381,0.05764909649428797,31,42.880645161290325,4.5886940302471455,31,24.042533977818433,3.8128220418688517,31,0.5583487210784817,0.049472161384926425,31,1.147202,6.0910454,31,6.288345038890839,6.273931034392202,31,0.7679234858482115,2.086931202868716,31,10.686189,0.849843,31,4.489058817586591,0.9494368012505721,31,0.4185743,0.07947863,31,-8.328225,4.9947257,31,5.465253478096377,6.331933647809875,31,0.4289870262145996,1.6818614550316984,31,42.07129,5.009237,31,9.806371081259943,5.273368909742608,31,0.2429224807889231,0.1506485760999388,31,50.399517,4.448607,31,10.554402228324644,4.71479476608872,31,0.21514735,0.10736288,31,-0.855603205891772,0.19638783042106087,31,1.4725020823674515,0.4032853499550634,31,0.0,0.0,31,0.18632076739979048,0.06455260973373646,31,0.1916270666133073,0.043370530952852884,31,1.0734762730044178,0.17506541326684502,31,-4.526947598361894,5.014307852794012,31,10.168127652702719,5.389177770440741,31,1.082895626996763,2.404592854943224,31,41.28720430107527,9.020451653584072,31,23.271258911398036,3.288029085069526,31,0.5849994857800846,0.13273125515620054,31,0.3913114768799589,0.11319564795062079,31,0.24774593113983648,0.056488970456549194,31,0.673895193262535,0.20285358187798916,31,1.5407579637275322,0.5813425934783474,31,-0.1638649485970943,1.860038669598057,31,4.935483870967742,0.24973103811470745,31,312.2870967741935,15.840954136572364,31,5.0,0.0,31,10.868356490135193,22.699732719749836,25,10.762183499336242,38.21801723150963,25,0.45547584116458895,0.5506456774682458,25,-0.4265893041793397,-0.4320694466663023,-0.48256540749336185,0.26563744637822895,1.4737167578193724,0.9986714935918884,-0.7169510068366931,1.5422235390030445,2.1651690504441574,0.8317082727265738,-0.73500179233717,0.9954151646141529,1.5501832544964127,1.452635685492271,-0.6719974231312525,0.2698694473865602,2.403748006250101,1.5803069544813015,-0.49854722785379485,0.545363400710559,1.0154554531523916,0.6499086786977605,-0.720581106180107,-0.4850101675514799,0.9913142760493586,-0.2848494710610973,0.0,0.0,0.0,0.0,0.0,0.0
Tazemetostat,78.43413580246914,1.0341523192015323,27,11.905339761345207,2.386412499505848,27,0.15208866791582148,0.031377166011353555,27,48.9537037037037,3.6329932013615993,27,14.546906937415033,2.8554264194756827,27,0.2940298479017145,0.05591163202685586,27,-3.2290437,1.4885226,27,1.097507961370327,0.9324575898839962,27,0.2849710429156268,1.0321728495905154,27,4.0079584,1.162446,27,1.702192305414765,0.5318249449053649,27,0.43457717,0.11282969,27,-5.737963,0.62452525,27,0.598351671187966,0.3900613574900469,27,0.0,0.0,27,20.871298,7.5563354,27,13.328230032214412,3.850381651682341,27,0.6593893700175815,0.3136822566990939,27,26.60926,7.5887733,27,13.331118362921256,3.758196613086302,27,0.5131053,0.11915799,27,-0.037529369489148263,0.026815508786693358,27,0.05556698086459166,0.03235937609341826,27,0.8880111478919424,2.8692059752086583,27,0.16563651141425673,0.05303014136442008,27,0.18424446750806622,0.06199130551285464,27,1.1173974191437475,0.2830698256822658,27,-4.297673919895889,2.015253063218545,27,1.6583003067721667,1.4233185862545947,27,0.258090502291408,0.9934599153979852,27,47.39262345679012,9.456242632096442,27,18.947731927772946,5.885983053894163,27,0.4385530179364212,0.2437887234717152,27,0.39669418890600233,0.11472919349606617,27,0.21229199395942244,0.08700496168673494,27,0.5334123628796134,0.15636284555930963,27,-0.009301351951111439,0.057399726328039906,27,1.1970756762338823,1.5839067983099446,27,4.777777777777778,0.6405126152203485,27,374.49691358024694,49.594756072101205,27,5.0,0.0,27,5.179626762866974,5.8265673700458365,4,4.070919305086136,5.76363653785363,4,0.5536589473485947,0.39123149946921054,4,-0.39334582068169965,-0.45030026462789025,-0.7894413213196237,-0.8868417162246673,-0.6901633193337551,-0.5976190873817178,-1.1944196569875392,-0.6903582327151065,-0.15233816325440339,-0.6578039869565171,-1.0265828625736182,-0.6922042204725148,-0.1995111296019223,-0.28338420833595945,-0.6971331415470919,-0.7496334319126948,0.10061523169658347,0.5045892559847677,-0.6439710303128086,-0.9715073046786996,-0.02277825652056042,0.6251259868122917,-0.34038691472210797,-0.3223698234252292,-0.450827216666453,-0.3152285587864611,0.0,0.0,0.0,0.0,0.0,1.0
Temsirolimus,61.724666666666664,1.2082651506724424,30,27.84982223750743,0.15943460439942478,30,0.451316218158355,0.006656469606690703,30,61.50277777777777,3.186519989330212,30,27.200720055015193,0.9000876754813669,30,0.4432289225836449,0.023276742437589974,30,1.5327276,12.958959,30,2.543619422117869,3.22249378469289,30,0.3083501669888695,0.693219235257899,30,5.5263133,0.8282412,30,2.3886763215065003,0.6091188839353191,30,0.44029304,0.12241348,30,-4.6473894,11.704049,30,2.8749461472034454,2.9550223737415187,30,0.6471867799758911,3.0698034643833547,30,25.099445,11.02291,30,12.51743032137553,3.604781909274286,30,0.5447528918584188,0.16634130831238866,30,29.746834,5.93012,30,13.40013739267985,3.4387228209536262,30,0.45617905,0.10658402,30,-0.031001858585462616,0.0745170639278526,30,0.261169142064079,0.0784653105725152,30,1.9892465884693682,4.053382399759686,30,0.3201429461497073,0.14169578282786716,30,0.232257264084535,0.07971965452523379,30,0.781644771998785,0.25252964867839833,30,2.664861150336464,12.49699537592358,30,6.234450425555463,2.965708605644384,30,3.2533060209097338,6.469279104160211,30,38.72522222222222,11.431086696039126,30,21.541851133793088,5.790311791234555,30,0.5842166301133127,0.18973891683161612,30,0.38259120352966164,0.17455905311143535,30,0.19344242748076101,0.07209305314843668,30,0.5574181677422213,0.21459186386911192,30,0.20482688851632255,0.19030743815056583,30,-2.3931311450532005,7.136075659171846,30,4.9,0.4025778999364489,30,302.52166666666665,25.354861221231175,30,4.0,0.0,30,2.9131382573395967,2.4744432753759877,12,1.5400155110595126,2.348268505836223,12,0.5505862745145956,0.39263490750389696,12,-0.4084338425560267,-0.43904970008158,-0.23826036730879765,-0.30728038831591725,0.5980251174431811,0.6545676433962001,0.03918736859369507,-0.16045225226896007,0.4487177740539816,0.6303434190886795,1.3859255804640955,0.12069646810398404,-0.4652637198623976,0.5531481887134392,1.1518596001337948,0.5314213878526007,-0.4079519278728358,0.16982703115605027,1.123374808502301,1.482666138768897,1.039379586854051,0.7619545067308634,-0.6182361223978384,-0.450176176647655,0.8415441377773648,-0.2889559769986762,0.0,0.0,0.0,0.0,0.0,0.0
Thalidomide,58.15107526881721,0.08640534385193337,31,23.825953414849483,0.07374621748767214,31,0.40972776714144055,0.0018753375637416746,31,54.817204301075265,0.1384760890556307,31,25.490178257643336,0.22341340028433368,31,0.46501240683768047,0.004893638089803313,31,2.9829683,2.9870675,31,3.203273161765068,1.231460235879131,31,1.3714122762603145,2.383466149338544,31,7.3476,1.167913,31,2.8383774834294475,0.7060524454947186,31,0.39134493,0.102638766,31,-3.8747313,2.3787868,31,2.980034755122277,1.649285154473133,31,0.6730149176812941,2.9548529597012174,31,31.695698,4.003623,31,13.127606914889428,3.3018007873132538,31,0.4155258122951754,0.10279577485560784,31,35.57043,4.965158,31,13.93665704419536,2.9027471760226713,31,0.3973933,0.093647875,31,0.0013553708757578907,0.09173689689094479,31,0.4693225782983295,0.16393779819574586,31,18.103571860290927,57.09636239253582,31,0.3757579618620668,0.09340621667312038,31,0.25954158901427316,0.03678426202024001,31,0.7223914728667249,0.15591925394966916,31,6.219969386965331,4.091926943950414,31,7.437469914503196,1.6466103213730479,31,3.2408530660990773,5.1956670047739895,31,44.12025089605735,5.813570499393105,31,19.641000604864313,2.6639038656309384,31,0.4567750297255417,0.11541901651414306,31,0.24934293996371154,0.09346051972440077,31,0.1857572921511068,0.07339559658016337,31,0.7576701142723958,0.2271148833735642,31,0.016936526467069456,0.16065943473926125,31,1.423310496393854,1.0822918476590926,31,6.0,0.0,31,348.90645161290325,0.5184320631116257,31,5.0,0.0,31,15.111920200047955,50.87023100887924,31,18.59097051524347,70.90919823224517,31,0.8523543755854329,0.3686489688259567,31,-0.35598360353659614,-0.3685695806404315,0.3943284940175956,1.7641592442930805,1.4437784938544163,0.1322742384357803,0.39859524988863,1.6261726875599283,1.3391928090199328,0.870435623921687,1.5120159827194928,2.0321542123054543,1.7082079473634353,0.8747371896972009,0.6505992621823219,1.302626853355898,0.9237934407213887,-1.0463388235132478,-0.08670175903766501,1.5532968036387624,0.5684084617740247,0.42457947710291155,-0.6006857874275598,-0.4676660941157867,0.5927324564545362,-0.26217078342431865,0.0,0.0,0.0,0.0,0.0,2.0
Thioguanine,58.549791666666664,1.5301848144937795,32,23.792955132278443,0.4565976594615086,32,0.4065129426696889,0.008462945635989788,32,54.799479166666664,3.212030712344296,32,24.82938786675273,1.774792603116477,32,0.4551257932964543,0.04760778743360977,32,17.527191,19.815935,32,10.865255191922188,9.742295135220337,32,0.8450925024226308,0.6401267191369886,32,6.9719133,1.5801189,32,2.777269620448351,1.1622931797129354,32,0.39867163,0.1444966,32,9.159688,18.32798,32,11.959816757589579,10.982879551046507,32,6.600151123479009,33.34045263455043,32,41.120106,15.530682,32,14.09671114385128,5.036055297463271,32,0.35790945729240775,0.1154532097069242,32,31.960417,8.363121,32,13.179991498589516,4.1530803122153,32,0.42168668,0.12895077,32,-0.03950147860260249,0.14863986787036582,32,0.29443929256229556,0.17803206380133793,32,2.6762219663490003,5.363465243358031,32,0.31448347380738406,0.14565918777459505,32,0.23774637325196196,0.08292494074694205,32,0.8249387431382901,0.2393836586047982,32,18.15586618404769,17.29961520560998,32,12.317140932320815,10.071372948356315,32,2.2731695184218896,7.927235027839411,32,31.497873263888888,13.084417538843345,32,19.91411259224156,4.050064846824634,32,0.7318324616594922,0.28281283214529435,32,0.4466371154734959,0.20939155080925165,32,0.25983725928049717,0.09740205521136266,32,0.6540732731073877,0.20309292691259687,32,-0.0873759402629076,0.23836176210191565,32,0.7185931315869332,2.1264637240666704,32,5.8125,0.47092907485988506,32,340.0875,25.35339400974986,32,5.0,0.0,32,2.838351143223624,3.6600905446338587,31,3.4125651408347393,6.866642613398262,31,0.9928875421324084,0.40483301048251635,31,0.47432941378343096,0.46339064905454463,0.6182481436170116,1.1307118624264454,1.126910180218385,0.9769287308611868,0.4779144772096276,0.720573414604565,0.3383317905980265,-0.2841099234397516,0.23675239157884168,1.2776353608962567,1.3829225268579317,0.8323296382075611,0.6076343194212193,1.100040991884462,0.7026895380780298,-0.7726903995207531,-0.6328344551971309,0.27582001719963867,-0.281988000985562,-0.2803164448846264,0.1334023233523403,0.11228163798551612,-0.23341895143291355,0.27980568181008897,0.0,0.0,0.0,0.0,0.0,3.0
Triethylenemelamine,58.063402777777775,1.1587946551342991,32,23.89015449069637,0.9005566269388003,32,0.4116846127636093,0.020268823768837627,32,54.70364583333333,0.494988041110382,32,25.221956623103353,1.2653840159190144,32,0.4610484260890416,0.02270456597244504,32,20.118149,23.266153,32,14.160532213747501,12.458059934839518,32,1.038524524308741,0.6906943120462237,32,7.073991,1.2128338,32,3.6580476835370064,1.6646451658554393,32,0.5275818,0.27587035,32,12.402448,22.150604,32,14.643362019211054,13.425443803567603,32,0.5914153438061476,0.8377453196477243,32,46.380783,16.394367,32,17.38301247358322,5.297022474975383,32,0.3839766117744148,0.07845726921973394,32,33.978333,7.6611137,32,15.538485020399094,4.5732484813165275,32,0.48237193,0.226289,32,-0.09435992242192942,0.0796695817023043,32,0.48156881851385197,0.1495137078974572,32,150.51215615653342,850.7098466295718,32,0.3405911198701165,0.09790235317299761,32,0.2462959469026834,0.056048980786700606,32,0.7658946248036136,0.20709844632675237,32,20.49250913410411,21.200818119290417,32,15.963593924497088,10.253180008877896,32,1.3114583281126646,1.1239771451182072,32,37.77814236111111,8.064975574403086,32,20.872363807470823,3.3112412878000024,32,0.5904003898253395,0.2019756522069433,32,0.341954271319184,0.12810402395706688,32,0.2493421915667912,0.10534504837799032,32,0.7323282314093337,0.15789245384726144,32,-0.0337249502151577,0.27387577055671325,32,0.3286200797034984,1.9606879158532684,32,5.90625,0.39015092199748025,32,343.00416666666666,23.794944268895794,32,5.0,0.0,32,5.285838291980326,10.246929568452241,32,6.484848930500448,13.253277273619771,32,1.1826706556603312,0.45873017849699876,32,0.6598739336262849,0.7915225237482592,1.3663367156444026,1.6311560495631274,0.9907211821003585,-0.3879382956707117,0.018186885295897532,0.8024067872446471,0.6462787595326789,0.47124038538454954,1.0831157793640194,1.449021033486249,1.2274303018941386,0.6588172506617785,0.42920722434814085,0.9427549570022883,0.6502280493498581,-0.9470484264534377,-0.3078197122020943,0.9943828723494477,-0.09471088736906694,-0.293234772505503,-0.0011118885429206265,0.0625679490399356,0.13617509946410358,0.6919136629706497,0.0,0.0,0.0,0.0,0.0,0.0
Umbralisib,91.87324074074074,2.8628297560414016,30,5.363264055689454,2.086818478573274,30,0.05904886541671301,0.02729665440007845,30,81.7,13.79421834574598,30,7.372325125985624,7.48937485022776,30,0.10800634431963813,0.1368905604333744,30,-1.206533,5.8309374,30,2.4929952879746753,1.4814980815973242,30,0.6740343699852626,3.1983835989865197,30,6.04508,1.5266432,30,2.8566475649674734,1.05460932137872,30,0.47121313,0.142158,30,-8.576944,3.1577184,30,1.5549257730444273,1.9817884080893313,30,0.17818606694539388,0.9759652829911788,30,24.598888,8.23492,30,15.596325667699178,5.079295169968065,30,0.7146052194138368,0.3454575390368967,30,33.175835,6.728159,30,15.854754622777303,4.646900761219665,30,0.48759037,0.1376721,30,0.027110831865782736,0.06281389065031577,30,0.05052953991253377,0.05501265320356191,30,0.8799099246178705,1.2441565909480448,30,0.14859251044405467,0.0970077731527829,30,0.12287827884522794,0.08604713044434639,30,0.8116296723380517,0.2659182679963457,30,0.1804496830309187,5.555933851079553,30,3.156759358666412,2.0052552148836047,30,0.5653511312871978,1.3887808375119688,30,52.23814814814815,19.187088264598838,30,19.45126504975638,9.68736330881086,30,0.44993581346667305,0.2651502206508837,30,0.43038061545950174,0.20688632530330278,30,0.20392277754341412,0.10957109334544919,30,0.5260178027817622,0.2608414744466043,30,-0.0006684274882158191,0.03694495626870703,30,0.8378746007857188,1.0631190295489779,30,2.8666666666666667,0.3457459036417605,30,263.36555555555555,32.79181952624213,30,2.0,0.0,30,6.275451538654474,5.735122930850512,13,2.1636372082508526,6.323968530268455,13,0.26975801357856166,0.41533954952698937,13,-0.28077272587498303,-0.2821769012259122,-0.35682711596127625,-0.3105471786749191,-0.21354929317781893,-0.7308039468406937,-0.17457930336476019,0.1917945479888356,-0.5606803483685947,-0.7954385414622427,0.4071788751224033,-0.039007318354570865,-1.0368208973014146,0.13795845647476326,0.1420524231677957,-0.8714632154751911,-0.06276026056546588,0.3594465461849639,-0.7925060981219824,-0.006297747020303247,-0.2540098963779646,0.17129293890595593,-0.11269020062246844,-0.30094336292458373,-0.40734556361974505,-0.2818993515067946,0.0,0.0,0.0,0.0,0.0,4.0
Uracil mustard,61.7171875,1.1692595179601928,32,27.85127148530254,0.1554848558165489,32,0.45138709050148024,0.006462655077144408,32,60.56041666666667,4.981711625219376,32,27.18131012009638,1.6279123168663414,32,0.45301330112640853,0.06228624312629432,32,-2.5497737,2.8880045,32,1.6504721837118268,1.5158293584685918,32,0.20056869462132454,0.6029621366979627,32,4.8840003,1.1957927,32,2.0485590882599354,0.7226455274021577,32,0.42713568,0.13673308,32,-8.593177,2.6435645,32,1.9525344036519527,1.3449675422603673,32,0.0,0.0,32,20.035,4.7792563,32,13.988741613924503,4.13080229016986,32,0.7219840721227229,0.21274035799212013,32,28.628178,5.50661,32,14.476742535829544,3.7316762904864116,32,0.5121379,0.10575583,32,-0.05610425632680574,0.08028083377104525,32,0.19487153078051014,0.0724132745804259,32,8.664996741302586,28.51012467404162,32,0.192318219621935,0.07607789902937276,32,0.1497764255903317,0.0635810857420895,32,0.7699979029056244,0.16940224062612583,32,-2.8114367217529974,3.0006297751548594,32,3.2830792820929413,1.3251137667575685,32,0.8260911446079994,2.880940308068476,32,34.904157986111116,8.942354474177245,32,18.061213656655397,5.056043852712938,32,0.5364319135012215,0.14228800438205136,32,0.4246604190633914,0.13017392787395682,32,0.20017416845461386,0.06706697920942407,32,0.49379454396697364,0.16513400744988818,32,0.22220490988008912,0.15052532532684756,32,-0.17240190040660452,0.6579405758429693,32,4.90625,0.39015092199748036,32,302.865625,24.560945314100238,32,4.0,0.0,32,3.3977393567562104,2.9300621550943005,10,1.4899654239416122,2.424859886940273,10,0.3906025946140289,0.4162486568445247,10,-0.4303310015141625,-0.4953716842974279,-0.4238204906660146,-0.3667564744544685,0.4646122681485207,0.7108835740843914,0.1366694354143707,-0.29911665808754506,0.5228731428294433,0.9646202543554002,1.7685044675625412,0.19801685027137222,-0.23043075618180656,0.8680437142139653,1.2019704654677579,0.4426855215849712,-0.5816670018738924,0.33266710795449034,1.311362418406675,1.62044371024717,1.1442512740954691,0.977426262922578,-0.7627015137921385,-0.48834959008313156,0.29560782730203244,-0.300753139113632,0.0,0.0,0.0,0.0,0.0,1.0
Valrubicin,61.42124999999999,1.7199300099511128,24,27.859096900265815,0.19130872368012097,24,0.4538534531346108,0.010730925390042527,24,59.88958333333333,4.78272306489294,24,27.042906828435708,1.575084689090004,24,0.453187525836895,0.030995422609903404,24,-0.06268859,5.936217,24,5.406990873316924,5.499310261928863,24,7.376518567403157,30.520061329466703,24,4.827216,0.8774428,24,2.1343945264816284,0.6809535750808461,24,0.4394537,0.10436644,24,-5.50375,6.1786985,24,5.369668211787939,5.264155492714379,24,0.6191277801990509,1.6784806478597152,24,23.109793,5.9216194,24,14.751164495944977,3.5128193073179044,24,0.6565494872629642,0.1671578868862954,24,28.61354,6.6628704,24,14.25344842672348,3.8078300899708286,24,0.5013791,0.09930592,24,-0.09116996044533766,0.05136213373286042,24,0.22659680075576075,0.0865251910915789,24,0.0,0.0,24,0.21914470525154964,0.09431384071444193,24,0.16694207237933323,0.07178103457087065,24,0.7844450471780936,0.1938044950071081,24,-0.9692768019427845,5.820358961371828,24,6.5470325196767805,4.760565010276439,24,2.277933221210064,5.836349561325069,24,31.205717592592595,8.895927200633365,24,17.792647185973454,3.8101461584184286,24,0.6014873046753718,0.17220473874283496,24,0.4943630160046813,0.15428063411272483,24,0.1832199215302597,0.05065769320346142,24,0.3965840567526901,0.13223099209101008,24,0.24527213866080314,0.157646029898894,24,0.10080905784856488,0.4038359012699577,24,4.708333333333333,0.6902530516863499,24,289.8125,45.45362962022037,24,4.0,0.0,24,5.339092392187852,13.099067912807943,13,7.3949825419829445,23.05961718919967,13,0.7180281373170706,0.5008380049713217,13,-0.37596469229295343,-0.31082016610904495,-0.3189813223031036,-0.14393409051080935,0.5291120521330119,0.7692033381333561,0.11568510941574803,-0.3324483785959297,0.5016113195850711,0.7364396753065601,1.4045470086555647,0.03574089809628979,-0.4109819669070628,0.7411879420505192,1.2709497053793064,0.4291994177951797,-0.5659305915429481,0.2744899268376578,1.1687998061947258,1.3700810572209243,0.6640735516983473,0.6619766327364152,-0.5129822190690247,-0.4305244577242946,0.5101173156657914,-0.28265885508717814,0.0,0.0,0.0,0.0,0.0,1.0
Vemurafenib,78.87723214285714,1.1501746837621039,28,11.254092662671644,2.9327208871935513,28,0.14299091743089257,0.03750737747153913,28,48.70357142857143,2.655285733785034,28,15.13265452305279,1.4343985499935825,28,0.31281665755752947,0.04774978838797142,28,0.17840378,10.631041,28,3.6844243311456273,7.600484972863613,28,0.12466652478490557,0.3120624680877009,28,3.7476592,1.241934,28,1.9777056042637144,0.7119736990499211,28,0.5384786,0.14156127,28,-2.8837502,8.614883,28,3.7618470516588007,7.162217639871197,28,0.1870480818407876,0.48632610230624196,28,21.222052,11.824776,28,14.584059638636452,4.297843721824515,28,0.7730721639735358,0.3332951808691943,28,24.105804,6.737012,28,14.145503061158317,4.11189280769327,28,0.6015715,0.14120224,28,-0.0570489704853816,0.04460243719488694,28,0.05815458989921052,0.04590718143571476,28,0.0,0.0,28,0.18860105260178478,0.15674036701091645,28,0.16348150067125003,0.12255157600534021,28,0.8594735477867224,0.36449856827942206,28,-1.557371209946457,9.303564427354589,28,3.725743356701298,7.036949319188363,28,0.14993247002615367,0.3801162227050996,28,41.05684523809523,10.258579347265039,28,21.98718676941215,7.710124220437127,28,0.6146607227649377,0.3669913704563482,28,0.47825383704800034,0.13011562146079042,28,0.27039732100485075,0.08643139008028278,28,0.5684181325014676,0.17689822158233337,28,-0.019886749308732795,0.08572124741108264,28,7.385502569967836,31.72815485670828,28,4.678571428571429,0.8189230248533257,28,368.31309523809523,61.84758784766757,28,5.0,0.0,28,0.4965755194425583,0.23707654305528789,5,0.35994867980480194,0.1938436727128151,5,0.7942231595516205,0.36091612049013355,5,-0.27889714908644675,-0.30947128352889486,-0.6372749797188054,-0.7876424529204028,-0.703843804380813,-0.716993668842181,-1.1251754183695346,-0.7478121679282755,-0.30818119966304663,-0.7323137459431626,-0.9978880496740317,-0.7423789795972855,-0.3713177465474775,-0.37523176239087885,-0.69556513564101,-0.807939108590949,-0.042682653813826965,0.26243217526919876,-0.7161128994330859,-0.9483103341603382,-0.4247891141121913,0.2710762285350069,0.0027861649882454176,-0.1720325367745096,-0.6175068866788332,-0.2900082928935614,0.0,0.0,0.0,0.0,0.0,2.0
Zanubrutinib,92.02760416666666,3.722829481405304,32,5.956308230231769,3.2619761118073693,32,0.0663872520613916,0.0437310786103808,32,81.65625,9.901118424569402,32,10.088769427592508,9.042000495065215,32,0.13875125273077357,0.14538962326877128,32,0.7745653,7.9449406,32,2.467092347331345,2.061118713663129,32,0.840777654084377,3.322674405764914,32,6.2618065,1.6074053,32,2.499130453914404,1.0382402140418157,32,0.41214916,0.15127136,32,-6.69375,5.605429,32,2.3856137096881866,3.3568221345539375,32,0.20896410942077637,0.5705226533714457,32,27.829687,8.664672,32,13.471172951161861,6.098104498452213,32,0.5454191649332643,0.30250999425902697,32,34.523438,6.7356305,32,14.612524434924126,5.071579005531332,32,0.4340328,0.15627505,32,0.02682912159490596,0.08821122331319711,32,0.056235070397948075,0.06822757732796329,32,0.7580414066054028,0.9137535681357609,32,0.22210705185767834,0.1263792343213553,32,0.18975063604345593,0.10095440998369237,32,0.8930202470050468,0.36638368704722457,32,2.388021499670876,6.65557508281721,32,3.022701959041998,2.7930509415527958,32,0.931821010963649,2.700770472568809,32,50.5046875,23.22518507232006,32,18.480284181901414,11.816341448958829,32,0.44866841250598916,0.3067276353944694,32,0.44809394646265527,0.2504330415874052,32,0.19724918874392536,0.13221148370037686,32,0.520325871634344,0.29070109251910226,32,0.02795196908578351,0.031660979549334604,31,0.7330631897553191,7.191415520639081,31,2.9375,0.3535533905932738,32,270.1515625,33.83736888887983,32,2.0,0.0,32,35.229798413374844,125.3938338404566,17,30.819359647877075,125.65141488440227,17,0.3449582790627199,0.4033926907490227,17,-0.2724013061047267,-0.2910907313790333,-0.31246572761390246,0.26564857894845756,0.4403488126633325,-0.9331773178841922,0.5898855529175467,1.317844674833418,-0.6218105159168916,-0.1621568610626792,1.5360984510988938,0.10570399996519995,-0.5562663176701736,1.0063328958104192,0.3051117553783624,-0.886602497954257,0.9415727618417172,0.932004430047012,-1.0076524101475435,0.5450498277389874,0.46437813344013545,0.32712725179667296,-0.2770701333830359,-0.2646976654228347,0.3535833646976429,-0.2433865304626699,0.0,0.0,0.0,0.0,0.0,1.0
